
4.20230617
4.20230617
4.20230617
4.20230617
4.20230618
4.20230618
4.20230618
4.20230618
4.20230619
4.20230619
4.20230619
4.20230619
4.20230620
4.20230620
4.20230620
4.20230620
4.20230621
4.20230621
4.20230621
4.20230621
4.20230622
4.20230622
4.20230622
4.20230622
4.20230623
4.20230623
4.20230623
4.20230623
4.20230624
4.20230624
4.20230624
4.20230624
4.20230625
4.20230625
4.20230625
4.20230625
4.20230626
4.20230626
4.20230626
4.20230626
4.20230627
4.20230627
4.20230627
4.20230627
4.20230628
4.20230628
4.20230628
4.20230628
4.20230629
4.20230629
4.20230629
4.20230629
4.20230630
4.20230630
4.20230630
4.20230630
4.20230701
4.20230701
4.20230701
4.20230701
4.20230702
4.20230702
4.20230702
4.20230702
4.20230703
4.20230703
4.20230703
4.20230703
4.20230704
4.20230704
4.20230704
4.20230704
4.20230705
4.20230705
4.20230705
4.20230705
4.20230706
4.20230706
4.20230706
4.20230706
4.20230707
4.20230707
4.20230707
4.20230707
4.20230708
4.20230708
4.20230708
4.20230708
4.20230709
4.20230709
4.20230709
4.20230709
4.20230710
4.20230710
4.20230710
4.20230710
4.20230711
4.20230711
4.20230711
4.20230711
4.20230712
4.20230712
4.20230712
4.20230712
4.20230713
4.20230713
4.20230713
4.20230713
4.20230714
4.20230714
4.20230714
4.20230714
4.20230715
4.20230715
4.20230715
4.20230715
4.20230716
4.20230716
4.20230716
4.20230716
4.20230717
4.20230717
4.20230717
4.20230717
4.20230718
4.20230718
4.20230718
4.20230718
4.20230719
4.20230719
4.20230719
4.20230719
4.20230720
4.20230720
4.20230720
4.20230720
4.20230721
4.20230721
4.20230721
4.20230721
4.20230722
4.20230722
4.20230722
4.20230722
4.20230723
4.20230723
4.20230723
4.20230723
4.20230724
4.20230724
4.20230724
4.20230724
4.20230725
4.20230725
4.20230725
4.20230725
4.20230726
4.20230726
4.20230726
4.20230726
4.20230727
4.20230727
4.20230727
4.20230727
4.20230728
4.20230728
4.20230728
4.20230728
4.20230729
4.20230729
4.20230729
4.20230729
4.20230730
4.20230730
4.20230730
4.20230730
4.20230731
4.20230731
4.20230731
4.20230731
4.20230801
4.20230801
4.20230801
4.20230801
4.20230802
4.20230802
4.20230802
4.20230802
4.20230803
4.20230803
4.20230803
4.20230803
4.20230804
4.20230804
4.20230804
4.20230804
4.20230805
4.20230805
4.20230805
4.20230805
4.20230806
4.20230806
4.20230806
4.20230806
4.20230807
4.20230807
4.20230807
4.20230807
4.20230808
4.20230808
4.20230808
4.20230808
4.20230809
4.20230809
4.20230809
4.20230809
4.20230810
4.20230810
4.20230810
4.20230810
4.20230811
4.20230811
4.20230811
4.20230811
4.20230812
4.20230812
4.20230812
4.20230812
4.20230813
4.20230813
4.20230813
4.20230813
4.20230814
4.20230814
4.20230814
4.20230814
4.20230815
4.20230815
4.20230815
4.20230815
4.20230816
4.20230816
4.20230816
4.20230816
4.20230817
4.20230817
4.20230817
4.20230817
4.20230818
4.20230818
4.20230818
4.20230818
4.20230819
4.20230819
4.20230819
4.20230819
4.20230820
4.20230820
4.20230820
4.20230820
4.20230821
4.20230821
4.20230821
4.20230821
4.20230822
4.20230822
4.20230822
4.20230822
4.20230823
4.20230823
4.20230823
4.20230823
4.20230824
4.20230824
4.20230824
4.20230824
4.20230825
4.20230825
4.20230825
4.20230825
4.20230826
4.20230826
4.20230826
4.20230826
4.20230827
4.20230827
4.20230827
4.20230827
4.20230828
4.20230828
4.20230828
4.20230828
4.20230829
4.20230829
4.20230829
4.20230829
4.20230830
4.20230830
4.20230830
4.20230830
4.20230831
4.20230831
4.20230831
4.20230831
4.20230901
4.20230901
4.20230901
4.20230901
4.20230902
4.20230902
4.20230902
4.20230902
4.20230903
4.20230903
4.20230903
4.20230903
4.20230904
4.20230904
4.20230904
4.20230904
4.20230905
4.20230905
4.20230905
4.20230905
4.20230906
4.20230906
4.20230906
4.20230906
4.20230907
4.20230907
4.20230907
4.20230907
4.20230908
4.20230908
4.20230908
4.20230908
4.20230909
4.20230909
4.20230909
4.20230909
4.20230910
4.20230910
4.20230910
4.20230910
4.20230911
4.20230911
4.20230911
4.20230911
4.20230912
4.20230912
4.20230912
4.20230912
4.20230913
4.20230913
4.20230913
4.20230913
4.20230914
4.20230914
4.20230914
4.20230914
4.20230915
4.20230915
4.20230915
4.20230915
4.20230916
4.20230916
4.20230916
4.20230916
4.20230917
4.20230917
4.20230917
4.20230917
4.20230918
4.20230918
4.20230918
4.20230918
4.20230919
4.20230919
4.20230919
4.20230919
4.20230920
4.20230920
4.20230920
4.20230920
4.20230921
4.20230921
4.20230921
4.20230921
4.20230922
4.20230922
4.20230922
4.20230922
4.20230923
4.20230923
4.20230923
4.20230923
4.20230924
4.20230924
4.20230924
4.20230924
4.20230925
4.20230925
4.20230925
4.20230925
4.20230926
4.20230926
4.20230926
4.20230926
4.20230927
4.20230927
4.20230927
4.20230927
4.20230928
4.20230928
4.20230928
4.20230928
4.20230929
4.20230929
4.20230929
4.20230929
4.20230930
4.20230930
4.20230930
4.20230930
4.20231001
4.20231001
4.20231001
4.20231001
4.20231002
4.20231002
4.20231002
4.20231002
4.20231003
4.20231003
4.20231003
4.20231003
4.20231004
4.20231004
4.20231004
4.20231004
4.20231005
4.20231005
4.20231005
4.20231005
4.20231006
4.20231006
4.20231006
4.20231006
4.20231007
4.20231007
4.20231007
4.20231007
4.20231008
4.20231008
4.20231008
4.20231008
4.20231009
4.20231009
4.20231009
4.20231009
4.20231010
4.20231010
4.20231010
4.20231010
4.20231011
4.20231011
4.20231011
4.20231011
4.20231012
4.20231012
4.20231012
4.20231012
4.20231013
4.20231013
4.20231013
4.20231013
4.20231014
4.20231014
4.20231014
4.20231014
4.20231015
4.20231015
4.20231015
4.20231015
4.20231016
4.20231016
4.20231016
4.20231016
4.20231017
4.20231017
4.20231017
4.20231017
4.20231018
4.20231018
4.20231018
4.20231018
4.20231019
4.20231019
4.20231019
4.20231019
4.20231020
4.20231020
4.20231020
4.20231020
4.20231021
4.20231021
4.20231021
4.20231021
4.20231022
4.20231022
4.20231022
4.20231022
4.20231023
4.20231023
4.20231023
4.20231023
4.20231024
4.20231024
4.20231024
4.20231024
4.20231025
4.20231025
4.20231025
4.20231025
4.20231026
4.20231026
4.20231026
4.20231026
4.20231027
4.20231027
4.20231027
4.20231027
4.20231028
4.20231028
4.20231028
4.20231028
4.20231029
4.20231029
4.20231029
4.20231029
4.20231030
4.20231030
4.20231030
4.20231030
4.20231031
4.20231031
4.20231031
4.20231031
4.20231101
4.20231101
4.20231101
4.20231101
4.20231102
4.20231102
4.20231102
4.20231102
4.20231103
4.20231103
4.20231103
4.20231103
4.20231104
4.20231104
4.20231104
4.20231104
4.20231105
4.20231105
4.20231105
4.20231105
4.20231106
4.20231106
4.20231106
4.20231106
4.20231107
4.20231107
4.20231107
4.20231107
4.20231108
4.20231108
4.20231108
4.20231108
4.20231109
4.20231109
4.20231109
4.20231109
4.20231110
4.20231110
4.20231110
4.20231110
4.20231111
4.20231111
4.20231111
4.20231111
4.20231112
4.20231112
4.20231112
4.20231112
4.20231113
4.20231113
4.20231113
4.20231113
4.20231114
4.20231114
4.20231114
4.20231114
4.20231115
4.20231115
4.20231115
4.20231115
4.20231116
4.20231116
4.20231116
4.20231116
4.20231117
4.20231117
4.20231117
4.20231117
4.20231118
4.20231118
4.20231118
4.20231118
4.20231119
4.20231119
4.20231119
4.20231119
4.20231120
4.20231120
4.20231120
4.20231120
4.20231121
4.20231121
4.20231121
4.20231121
4.20231122
4.20231122
4.20231122
4.20231122
4.20231123
4.20231123
4.20231123
4.20231123
4.20231124
4.20231124
4.20231124
4.20231124
4.20231125
4.20231125
4.20231125
4.20231125
4.20231126
4.20231126
4.20231126
4.20231126
4.20231127
4.20231127
4.20231127
4.20231127
4.20231128
4.20231128
4.20231128
4.20231128
4.20231129
4.20231129
4.20231129
4.20231129
4.20231130
4.20231130
4.20231130
4.20231130
4.20231201
4.20231201
4.20231201
4.20231201
4.20231202
4.20231202
4.20231202
4.20231202
4.20231203
4.20231203
4.20231203
4.20231203
4.20231204
4.20231204
4.20231204
4.20231204
4.20231205
4.20231205
4.20231205
4.20231205
4.20231206
4.20231206
4.20231206
4.20231206
4.20231207
4.20231207
4.20231207
4.20231207
4.20231208
4.20231208
4.20231208
4.20231208
4.20231209
4.20231209
4.20231209
4.20231209
4.20231210
4.20231210
4.20231210
4.20231210
4.20231211
4.20231211
4.20231211
4.20231211
4.20231212
4.20231212
4.20231212
4.20231212
4.20231213
4.20231213
4.20231213
4.20231213
4.20231214
4.20231214
4.20231214
4.20231214
4.20231215
4.20231215
4.20231215
4.20231215
4.20231216
4.20231216
4.20231216
4.20231216
4.20231217
4.20231217
4.20231217
4.20231217
4.20231218
4.20231218
4.20231218
4.20231218
4.20231219
4.20231219
4.20231219
4.20231219
4.20231220
4.20231220
4.20231220
4.20231220
4.20231221
4.20231221
4.20231221
4.20231221
4.20231222
4.20231222
4.20231222
4.20231222
4.20231223
4.20231223
4.20231223
4.20231223
4.20231224
4.20231224
4.20231224
4.20231224
4.20231225
4.20231225
4.20231225
4.20231225
4.20231226
4.20231226
4.20231226
4.20231226
4.20231227
4.20231227
4.20231227
4.20231227
4.20231228
4.20231228
4.20231228
4.20231228
4.20231229
4.20231229
4.20231229
4.20231229
4.20231230
4.20231230
4.20231230
4.20231230
4.20231231
4.20231231
4.20231231
4.20231231
4.20240101
4.20240101
4.20240101
4.20240101
4.20240102
4.20240102
4.20240102
4.20240102
4.20240103
4.20240103
4.20240103
4.20240103
4.20240104
4.20240104
4.20240104
4.20240104
4.20240105
4.20240105
4.20240105
4.20240105
4.20240106
4.20240106
4.20240106
4.20240106
4.20240107
4.20240107
4.20240107
4.20240107
4.20240108
4.20240108
4.20240108
4.20240108
4.20240109
4.20240109
4.20240109
4.20240109
4.20240110
4.20240110
4.20240110
4.20240110
4.20240111
4.20240111
4.20240111
4.20240111
4.20240112
4.20240112
4.20240112
4.20240112
4.20240113
4.20240113
4.20240113
4.20240113
4.20240114
4.20240114
4.20240114
4.20240114
4.20240115
4.20240115
4.20240115
4.20240115
4.20240116
4.20240116
4.20240116
4.20240116
4.20240117
4.20240117
4.20240117
4.20240117
4.20240118
4.20240118
4.20240118
4.20240118
4.20240119
4.20240119
4.20240119
4.20240119
4.20240120
4.20240120
4.20240120
4.20240120
4.20240121
4.20240121
4.20240121
4.20240121
4.20240122
4.20240122
4.20240122
4.20240122
4.20240123
4.20240123
4.20240123
4.20240123
4.20240124
4.20240124
4.20240124
4.20240124
4.20240125
4.20240125
4.20240125
4.20240125
4.20240126
4.20240126
4.20240126
4.20240126
4.20240127
4.20240127
4.20240127
4.20240127
4.20240128
4.20240128
4.20240128
4.20240128
4.20240129
4.20240129
4.20240129
4.20240129
4.20240130
4.20240130
4.20240130
4.20240130
4.20240131
4.20240131
4.20240131
4.20240131
4.20240201
4.20240201
4.20240201
4.20240201
4.20240202
4.20240202
4.20240202
4.20240202
4.20240203
4.20240203
4.20240203
4.20240203
4.20240204
4.20240204
4.20240204
4.20240204
4.20240205
4.20240205
4.20240205
4.20240205
4.20240206
4.20240206
4.20240206
4.20240206
4.20240207
4.20240207
4.20240207
4.20240207
4.20240208
4.20240208
4.20240208
4.20240208
4.20240209
4.20240209
4.20240209
4.20240209
4.20240210
4.20240210
4.20240210
4.20240210
4.20240211
4.20240211
4.20240211
4.20240211
4.20240212
4.20240212
4.20240212
4.20240212
4.20240213
4.20240213
4.20240213
4.20240213
4.20240214
4.20240214
4.20240214
4.20240214
4.20240215
4.20240215
4.20240215
4.20240215
4.20240216
4.20240216
4.20240216
4.20240216
4.20240217
4.20240217
4.20240217
4.20240217
4.20240218
4.20240218
4.20240218
4.20240218
4.20240219
4.20240219
4.20240219
4.20240219
4.20240220
4.20240220
4.20240220
4.20240220
4.20240221
4.20240221
4.20240221
4.20240221
4.20240222
4.20240222
4.20240222
4.20240222
4.20240223
4.20240223
4.20240223
4.20240223
4.20240224
4.20240224
4.20240224
4.20240224
4.20240225
4.20240225
4.20240225
4.20240225
4.20240226
4.20240226
4.20240226
4.20240226
4.20240227
4.20240227
4.20240227
4.20240227
4.20240228
4.20240228
4.20240228
4.20240228
4.20240229
4.20240229
4.20240229
4.20240229
4.20240301
4.20240301
4.20240301
4.20240301
4.20240302
4.20240302
4.20240302
4.20240302
4.20240303
4.20240303
4.20240303
4.20240303
4.20240304
4.20240304
4.20240304
4.20240304
4.20240305
4.20240305
4.20240305
4.20240305
4.20240306
4.20240306
4.20240306
4.20240306
4.20240307
4.20240307
4.20240307
4.20240307
4.20240308
4.20240308
4.20240308
4.20240308
4.20240309
4.20240309
4.20240309
4.20240309
4.20240310
4.20240310
4.20240310
4.20240310
4.20240311
4.20240311
4.20240311
4.20240311
4.20240312
4.20240312
4.20240312
4.20240312
4.20240313
4.20240313
4.20240313
4.20240313
4.20240314
4.20240314
4.20240314
4.20240314
4.20240315
4.20240315
4.20240315
4.20240315
4.20240316
4.20240316
4.20240316
4.20240316
4.20240317
4.20240317
4.20240317
4.20240317
4.20240318
4.20240318
4.20240318
4.20240318
4.20240319
4.20240319
4.20240319
4.20240319
4.20240320
4.20240320
4.20240320
4.20240320
4.20240321
4.20240321
4.20240321
4.20240321
4.20240322
4.20240322
4.20240322
4.20240322
4.20240323
4.20240323
4.20240323
4.20240323
4.20240324
4.20240324
4.20240324
4.20240324
4.20240325
4.20240325
4.20240325
4.20240325
4.20240326
4.20240326
4.20240326
4.20240326
4.20240327
4.20240327
4.20240327
4.20240327
4.20240328
4.20240328
4.20240328
4.20240328
4.20240329
4.20240329
4.20240329
4.20240329
4.20240330
4.20240330
4.20240330
4.20240330
4.20240331
4.20240331
4.20240331
4.20240331
4.20240401
4.20240401
4.20240401
4.20240401
4.20240402
4.20240402
4.20240402
4.20240402
4.20240403
4.20240403
4.20240403
4.20240403
4.20240404
4.20240404
4.20240404
4.20240404
4.20240405
4.20240405
4.20240405
4.20240405
4.20240406
4.20240406
4.20240406
4.20240406
4.20240407
4.20240407
4.20240407
4.20240407
4.20240408
4.20240408
4.20240408
4.20240408
4.20240409
4.20240409
4.20240409
4.20240409
4.20240410
4.20240410
4.20240410
4.20240410
4.20240411
4.20240411
4.20240411
4.20240411
4.20240412
4.20240412
4.20240412
4.20240412
4.20240413
4.20240413
4.20240413
4.20240413
4.20240414
4.20240414
4.20240414
4.20240414
4.20240415
4.20240415
4.20240415
4.20240415
4.20240416
4.20240416
4.20240416
4.20240416
4.20240417
4.20240417
4.20240417
4.20240417
4.20240418
4.20240418
4.20240418
4.20240418
4.20240419
4.20240419
4.20240419
4.20240419
4.20240420
4.20240420
4.20240420
4.20240420
4.20240421
4.20240421
4.20240421
4.20240421
4.20240422
4.20240422
4.20240422
4.20240422
4.20240423
4.20240423
4.20240423
4.20240423
4.20240424
4.20240424
4.20240424
4.20240424
4.20240425
4.20240425
4.20240425
4.20240425
4.20240426
4.20240426
4.20240426
4.20240426
4.20240427
4.20240427
4.20240427
4.20240427
4.20240428
4.20240428
4.20240428
4.20240428
4.20240429
4.20240429
4.20240429
4.20240429
4.20240430
4.20240430
4.20240430
4.20240430
4.20240501
4.20240501
4.20240501
4.20240501
4.20240502
4.20240502
4.20240502
4.20240502
4.20240503
4.20240503
4.20240503
4.20240503
4.20240504
4.20240504
4.20240504
4.20240504
4.20240505
4.20240505
4.20240505
4.20240505
4.20240506
4.20240506
4.20240506
4.20240506
4.20240507
4.20240507
4.20240507
4.20240507
4.20240508
4.20240508
4.20240508
4.20240508
4.20240509
4.20240509
4.20240509
4.20240509
4.20240510
4.20240510
4.20240510
4.20240510
4.20240511
4.20240511
4.20240511
4.20240511
4.20240512
4.20240512
4.20240512
4.20240512
4.20240513
4.20240513
4.20240513
4.20240513
4.20240514
4.20240514
4.20240514
4.20240514
4.20240515
4.20240515
4.20240515
4.20240515
4.20240516
4.20240516
4.20240516
4.20240516
4.20240517
4.20240517
4.20240517
4.20240517
4.20240518
4.20240518
4.20240518
4.20240518
4.20240519
4.20240519
4.20240519
4.20240519
4.20240520
4.20240520
4.20240520
4.20240520
4.20240521
4.20240521
4.20240521
4.20240521
4.20240522
4.20240522
4.20240522
4.20240522
4.20240523
4.20240523
4.20240523
4.20240523
4.20240524
4.20240524
4.20240524
4.20240524
4.20240525
4.20240525
4.20240525
4.20240525
4.20240526
4.20240526
4.20240526
4.20240526
4.20240527
4.20240527
4.20240527
4.20240527
4.20240528
4.20240528
4.20240528
4.20240528
4.20240529
4.20240529
4.20240529
4.20240529
4.20240530
4.20240530
4.20240530
4.20240530
4.20240531
4.20240531
4.20240531
4.20240531
4.20240601
4.20240601
4.20240601
4.20240601
4.20240602
4.20240602
4.20240602
4.20240602
4.20240603
4.20240603
4.20240603
4.20240603
4.20240604
4.20240604
4.20240604
4.20240604
4.20240605
4.20240605
4.20240605
4.20240605
4.20240606
4.20240606
4.20240606
4.20240606
4.20240607
4.20240607
4.20240607
4.20240607
4.20240608
4.20240608
4.20240608
4.20240608
4.20240609
4.20240609
4.20240609
4.20240609
4.20240610
4.20240610
4.20240610
4.20240610
4.20240611
4.20240611
4.20240611
4.20240611
4.20240612
4.20240612
4.20240612
4.20240612
4.20240613
4.20240613
4.20240613
4.20240613
4.20240614
4.20240614
4.20240614
4.20240614
4.20240615
4.20240615
4.20240615
4.20240615
4.20240616
4.20240616
4.20240616
4.20240616
4.20240617
4.20240617
4.20240617
4.20240617
4.20240618
4.20240618
4.20240618
4.20240618
5.20230616
5.20230616
5.20230616
5.20230616
5.20230617
5.20230617
5.20230617
5.20230617
5.20230618
5.20230618
5.20230618
5.20230618
5.20230619
5.20230619
5.20230619
5.20230619
5.20230620
5.20230620
5.20230620
5.20230620
5.20230621
5.20230621
5.20230621
5.20230621
5.20230622
5.20230622
5.20230622
5.20230622
5.20230623
5.20230623
5.20230623
5.20230623
5.20230624
5.20230624
5.20230624
5.20230624
5.20230625
5.20230625
5.20230625
5.20230625
5.20230626
5.20230626
5.20230626
5.20230626
5.20230627
5.20230627
5.20230627
5.20230627
5.20230628
5.20230628
5.20230628
5.20230628
5.20230629
5.20230629
5.20230629
5.20230629
5.20230630
5.20230630
5.20230630
5.20230630
5.20230701
5.20230701
5.20230701
5.20230701
5.20230702
5.20230702
5.20230702
5.20230702
5.20230703
5.20230703
5.20230703
5.20230703
5.20230704
5.20230704
5.20230704
5.20230704
5.20230705
5.20230705
5.20230705
5.20230705
5.20230706
5.20230706
5.20230706
5.20230706
5.20230707
5.20230707
5.20230707
5.20230707
5.20230708
5.20230708
5.20230708
5.20230708
5.20230709
5.20230709
5.20230709
5.20230709
5.20230710
5.20230710
5.20230710
5.20230710
5.20230711
5.20230711
5.20230711
5.20230711
5.20230712
5.20230712
5.20230712
5.20230712
5.20230713
5.20230713
5.20230713
5.20230713
5.20230714
5.20230714
5.20230714
5.20230714
5.20230715
5.20230715
5.20230715
5.20230715
5.20230716
5.20230716
5.20230716
5.20230716
5.20230717
5.20230717
5.20230717
5.20230717
5.20230718
5.20230718
5.20230718
5.20230718
5.20230719
5.20230719
5.20230719
5.20230719
5.20230720
5.20230720
5.20230720
5.20230720
5.20230721
5.20230721
5.20230721
5.20230721
5.20230722
5.20230722
5.20230722
5.20230722
5.20230723
5.20230723
5.20230723
5.20230723
5.20230724
5.20230724
5.20230724
5.20230724
5.20230725
5.20230725
5.20230725
5.20230725
5.20230726
5.20230726
5.20230726
5.20230726
5.20230727
5.20230727
5.20230727
5.20230727
5.20230728
5.20230728
5.20230728
5.20230728
5.20230729
5.20230729
5.20230729
5.20230729
5.20230730
5.20230730
5.20230730
5.20230730
5.20230731
5.20230731
5.20230731
5.20230731
5.20230801
5.20230801
5.20230801
5.20230801
5.20230802
5.20230802
5.20230802
5.20230802
5.20230803
5.20230803
5.20230803
5.20230803
5.20230804
5.20230804
5.20230804
5.20230804
5.20230805
5.20230805
5.20230805
5.20230805
5.20230806
5.20230806
5.20230806
5.20230806
5.20230807
5.20230807
5.20230807
5.20230807
5.20230808
5.20230808
5.20230808
5.20230808
5.20230809
5.20230809
5.20230809
5.20230809
5.20230810
5.20230810
5.20230810
5.20230810
5.20230811
5.20230811
5.20230811
5.20230811
5.20230812
5.20230812
5.20230812
5.20230812
5.20230813
5.20230813
5.20230813
5.20230813
5.20230814
5.20230814
5.20230814
5.20230814
5.20230815
5.20230815
5.20230815
5.20230815
5.20230816
5.20230816
5.20230816
5.20230816
5.20230817
5.20230817
5.20230817
5.20230817
5.20230818
5.20230818
5.20230818
5.20230818
5.20230819
5.20230819
5.20230819
5.20230819
5.20230820
5.20230820
5.20230820
5.20230820
5.20230821
5.20230821
5.20230821
5.20230821
5.20230822
5.20230822
5.20230822
5.20230822
5.20230823
5.20230823
5.20230823
5.20230823
5.20230824
5.20230824
5.20230824
5.20230824
5.20230825
5.20230825
5.20230825
5.20230825
5.20230826
5.20230826
5.20230826
5.20230826
5.20230827
5.20230827
5.20230827
5.20230827
5.20230828
5.20230828
5.20230828
5.20230828
5.20230829
5.20230829
5.20230829
5.20230829
5.20230830
5.20230830
5.20230830
5.20230830
5.20230831
5.20230831
5.20230831
5.20230831
5.20230901
5.20230901
5.20230901
5.20230901
5.20230902
5.20230902
5.20230902
5.20230902
5.20230903
5.20230903
5.20230903
5.20230903
5.20230904
5.20230904
5.20230904
5.20230904
5.20230905
5.20230905
5.20230905
5.20230905
5.20230906
5.20230906
5.20230906
5.20230906
5.20230907
5.20230907
5.20230907
5.20230907
5.20230908
5.20230908
5.20230908
5.20230908
5.20230909
5.20230909
5.20230909
5.20230909
5.20230910
5.20230910
5.20230910
5.20230910
5.20230911
5.20230911
5.20230911
5.20230911
5.20230912
5.20230912
5.20230912
5.20230912
5.20230913
5.20230913
5.20230913
5.20230913
5.20230914
5.20230914
5.20230914
5.20230914
5.20230915
5.20230915
5.20230915
5.20230915
5.20230916
5.20230916
5.20230916
5.20230916
5.20230917
5.20230917
5.20230917
5.20230917
5.20230918
5.20230918
5.20230918
5.20230918
5.20230919
5.20230919
5.20230919
5.20230919
5.20230920
5.20230920
5.20230920
5.20230920
5.20230921
5.20230921
5.20230921
5.20230921
5.20230922
5.20230922
5.20230922
5.20230922
5.20230923
5.20230923
5.20230923
5.20230923
5.20230924
5.20230924
5.20230924
5.20230924
5.20230925
5.20230925
5.20230925
5.20230925
5.20230926
5.20230926
5.20230926
5.20230926
5.20230927
5.20230927
5.20230927
5.20230927
5.20230928
5.20230928
5.20230928
5.20230928
5.20230929
5.20230929
5.20230929
5.20230929
5.20230930
5.20230930
5.20230930
5.20230930
5.20231001
5.20231001
5.20231001
5.20231001
5.20231002
5.20231002
5.20231002
5.20231002
5.20231003
5.20231003
5.20231003
5.20231003
5.20231004
5.20231004
5.20231004
5.20231004
5.20231005
5.20231005
5.20231005
5.20231005
5.20231006
5.20231006
5.20231006
5.20231006
5.20231007
5.20231007
5.20231007
5.20231007
5.20231008
5.20231008
5.20231008
5.20231008
5.20231009
5.20231009
5.20231009
5.20231009
5.20231010
5.20231010
5.20231010
5.20231010
5.20231011
5.20231011
5.20231011
5.20231011
5.20231012
5.20231012
5.20231012
5.20231012
5.20231013
5.20231013
5.20231013
5.20231013
5.20231014
5.20231014
5.20231014
5.20231014
5.20231015
5.20231015
5.20231015
5.20231015
5.20231016
5.20231016
5.20231016
5.20231016
5.20231017
5.20231017
5.20231017
5.20231017
5.20231018
5.20231018
5.20231018
5.20231018
5.20231019
5.20231019
5.20231019
5.20231019
5.20231020
5.20231020
5.20231020
5.20231020
5.20231021
5.20231021
5.20231021
5.20231021
5.20231022
5.20231022
5.20231022
5.20231022
5.20231023
5.20231023
5.20231023
5.20231023
5.20231024
5.20231024
5.20231024
5.20231024
5.20231025
5.20231025
5.20231025
5.20231025
5.20231026
5.20231026
5.20231026
5.20231026
5.20231027
5.20231027
5.20231027
5.20231027
5.20231028
5.20231028
5.20231028
5.20231028
5.20231029
5.20231029
5.20231029
5.20231029
5.20231030
5.20231030
5.20231030
5.20231030
5.20231031
5.20231031
5.20231031
5.20231031
5.20231101
5.20231101
5.20231101
5.20231101
5.20231102
5.20231102
5.20231102
5.20231102
5.20231103
5.20231103
5.20231103
5.20231103
5.20231104
5.20231104
5.20231104
5.20231104
5.20231105
5.20231105
5.20231105
5.20231105
5.20231106
5.20231106
5.20231106
5.20231106
5.20231107
5.20231107
5.20231107
5.20231107
5.20231108
5.20231108
5.20231108
5.20231108
5.20231109
5.20231109
5.20231109
5.20231109
5.20231110
5.20231110
5.20231110
5.20231110
5.20231111
5.20231111
5.20231111
5.20231111
5.20231112
5.20231112
5.20231112
5.20231112
5.20231113
5.20231113
5.20231113
5.20231113
5.20231114
5.20231114
5.20231114
5.20231114
5.20231115
5.20231115
5.20231115
5.20231115
5.20231116
5.20231116
5.20231116
5.20231116
5.20231117
5.20231117
5.20231117
5.20231117
5.20231118
5.20231118
5.20231118
5.20231118
5.20231119
5.20231119
5.20231119
5.20231119
5.20231120
5.20231120
5.20231120
5.20231120
5.20231121
5.20231121
5.20231121
5.20231121
5.20231122
5.20231122
5.20231122
5.20231122
5.20231123
5.20231123
5.20231123
5.20231123
5.20231124
5.20231124
5.20231124
5.20231124
5.20231125
5.20231125
5.20231125
5.20231125
5.20231126
5.20231126
5.20231126
5.20231126
5.20231127
5.20231127
5.20231127
5.20231127
5.20231128
5.20231128
5.20231128
5.20231128
5.20231129
5.20231129
5.20231129
5.20231129
5.20231130
5.20231130
5.20231130
5.20231130
5.20231201
5.20231201
5.20231201
5.20231201
5.20231202
5.20231202
5.20231202
5.20231202
5.20231203
5.20231203
5.20231203
5.20231203
5.20231204
5.20231204
5.20231204
5.20231204
5.20231205
5.20231205
5.20231205
5.20231205
5.20231206
5.20231206
5.20231206
5.20231206
5.20231207
5.20231207
5.20231207
5.20231207
5.20231208
5.20231208
5.20231208
5.20231208
5.20231209
5.20231209
5.20231209
5.20231209
5.20231210
5.20231210
5.20231210
5.20231210
5.20231211
5.20231211
5.20231211
5.20231211
5.20231212
5.20231212
5.20231212
5.20231212
5.20231213
5.20231213
5.20231213
5.20231213
5.20231214
5.20231214
5.20231214
5.20231214
5.20231215
5.20231215
5.20231215
5.20231215
5.20231216
5.20231216
5.20231216
5.20231216
5.20231217
5.20231217
5.20231217
5.20231217
5.20231218
5.20231218
5.20231218
5.20231218
5.20231219
5.20231219
5.20231219
5.20231219
5.20231220
5.20231220
5.20231220
5.20231220
5.20231221
5.20231221
5.20231221
5.20231221
5.20231222
5.20231222
5.20231222
5.20231222
5.20231223
5.20231223
5.20231223
5.20231223
5.20231224
5.20231224
5.20231224
5.20231224
5.20231225
5.20231225
5.20231225
5.20231225
5.20231226
5.20231226
5.20231226
5.20231226
5.20231227
5.20231227
5.20231227
5.20231227
5.20231228
5.20231228
5.20231228
5.20231228
5.20231229
5.20231229
5.20231229
5.20231229
5.20231230
5.20231230
5.20231230
5.20231230
5.20231231
5.20231231
5.20231231
5.20231231
5.20240101
5.20240101
5.20240101
5.20240101
5.20240102
5.20240102
5.20240102
5.20240102
5.20240103
5.20240103
5.20240103
5.20240103
5.20240104
5.20240104
5.20240104
5.20240104
5.20240105
5.20240105
5.20240105
5.20240105
5.20240106
5.20240106
5.20240106
5.20240106
5.20240107
5.20240107
5.20240107
5.20240107
5.20240108
5.20240108
5.20240108
5.20240108
5.20240109
5.20240109
5.20240109
5.20240109
5.20240110
5.20240110
5.20240110
5.20240110
5.20240111
5.20240111
5.20240111
5.20240111
5.20240112
5.20240112
5.20240112
5.20240112
5.20240113
5.20240113
5.20240113
5.20240113
5.20240114
5.20240114
5.20240114
5.20240114
5.20240115
5.20240115
5.20240115
5.20240115
5.20240116
5.20240116
5.20240116
5.20240116
5.20240117
5.20240117
5.20240117
5.20240117
5.20240118
5.20240118
5.20240118
5.20240118
5.20240119
5.20240119
5.20240119
5.20240119
5.20240120
5.20240120
5.20240120
5.20240120
5.20240121
5.20240121
5.20240121
5.20240121
5.20240122
5.20240122
5.20240122
5.20240122
5.20240123
5.20240123
5.20240123
5.20240123
5.20240124
5.20240124
5.20240124
5.20240124
5.20240125
5.20240125
5.20240125
5.20240125
5.20240126
5.20240126
5.20240126
5.20240126
5.20240127
5.20240127
5.20240127
5.20240127
5.20240128
5.20240128
5.20240128
5.20240128
5.20240129
5.20240129
5.20240129
5.20240129
5.20240130
5.20240130
5.20240130
5.20240130
5.20240131
5.20240131
5.20240131
5.20240131
5.20240201
5.20240201
5.20240201
5.20240201
5.20240202
5.20240202
5.20240202
5.20240202
5.20240203
5.20240203
5.20240203
5.20240203
5.20240204
5.20240204
5.20240204
5.20240204
5.20240205
5.20240205
5.20240205
5.20240205
5.20240206
5.20240206
5.20240206
5.20240206
5.20240207
5.20240207
5.20240207
5.20240207
5.20240208
5.20240208
5.20240208
5.20240208
5.20240209
5.20240209
5.20240209
5.20240209
5.20240210
5.20240210
5.20240210
5.20240210
5.20240211
5.20240211
5.20240211
5.20240211
5.20240212
5.20240212
5.20240212
5.20240212
5.20240213
5.20240213
5.20240213
5.20240213
5.20240214
5.20240214
5.20240214
5.20240214
5.20240215
5.20240215
5.20240215
5.20240215
5.20240216
5.20240216
5.20240216
5.20240216
5.20240217
5.20240217
5.20240217
5.20240217
5.20240218
5.20240218
5.20240218
5.20240218
5.20240219
5.20240219
5.20240219
5.20240219
5.20240220
5.20240220
5.20240220
5.20240220
5.20240221
5.20240221
5.20240221
5.20240221
5.20240222
5.20240222
5.20240222
5.20240222
5.20240223
5.20240223
5.20240223
5.20240223
5.20240224
5.20240224
5.20240224
5.20240224
5.20240225
5.20240225
5.20240225
5.20240225
5.20240226
5.20240226
5.20240226
5.20240226
5.20240227
5.20240227
5.20240227
5.20240227
5.20240228
5.20240228
5.20240228
5.20240228
5.20240229
5.20240229
5.20240229
5.20240229
5.20240301
5.20240301
5.20240301
5.20240301
5.20240302
5.20240302
5.20240302
5.20240302
5.20240303
5.20240303
5.20240303
5.20240303
5.20240304
5.20240304
5.20240304
5.20240304
5.20240305
5.20240305
5.20240305
5.20240305
5.20240306
5.20240306
5.20240306
5.20240306
5.20240307
5.20240307
5.20240307
5.20240307
5.20240308
5.20240308
5.20240308
5.20240308
5.20240309
5.20240309
5.20240309
5.20240309
5.20240310
5.20240310
5.20240310
5.20240310
5.20240311
5.20240311
5.20240311
5.20240311
5.20240312
5.20240312
5.20240312
5.20240312
5.20240313
5.20240313
5.20240313
5.20240313
5.20240314
5.20240314
5.20240314
5.20240314
5.20240315
5.20240315
5.20240315
5.20240315
5.20240316
5.20240316
5.20240316
5.20240316
5.20240317
5.20240317
5.20240317
5.20240317
5.20240318
5.20240318
5.20240318
5.20240318
5.20240319
5.20240319
5.20240319
5.20240319
5.20240320
5.20240320
5.20240320
5.20240320
5.20240321
5.20240321
5.20240321
5.20240321
5.20240322
5.20240322
5.20240322
5.20240322
5.20240323
5.20240323
5.20240323
5.20240323
5.20240324
5.20240324
5.20240324
5.20240324
5.20240325
5.20240325
5.20240325
5.20240325
5.20240326
5.20240326
5.20240326
5.20240326
5.20240327
5.20240327
5.20240327
5.20240327
5.20240328
5.20240328
5.20240328
5.20240328
5.20240329
5.20240329
5.20240329
5.20240329
5.20240330
5.20240330
5.20240330
5.20240330
5.20240331
5.20240331
5.20240331
5.20240331
5.20240401
5.20240401
5.20240401
5.20240401
5.20240402
5.20240402
5.20240402
5.20240402
5.20240403
5.20240403
5.20240403
5.20240403
5.20240404
5.20240404
5.20240404
5.20240404
5.20240405
5.20240405
5.20240405
5.20240405
5.20240406
5.20240406
5.20240406
5.20240406
5.20240407
5.20240407
5.20240407
5.20240407
5.20240408
5.20240408
5.20240408
5.20240408
5.20240409
5.20240409
5.20240409
5.20240409
5.20240410
5.20240410
5.20240410
5.20240410
5.20240411
5.20240411
5.20240411
5.20240411
5.20240412
5.20240412
5.20240412
5.20240412
5.20240413
5.20240413
5.20240413
5.20240413
5.20240414
5.20240414
5.20240414
5.20240414
5.20240415
5.20240415
5.20240415
5.20240415
5.20240416
5.20240416
5.20240416
5.20240416
5.20240417
5.20240417
5.20240417
5.20240417
5.20240418
5.20240418
5.20240418
5.20240418
5.20240419
5.20240419
5.20240419
5.20240419
5.20240420
5.20240420
5.20240420
5.20240420
5.20240421
5.20240421
5.20240421
5.20240421
5.20240422
5.20240422
5.20240422
5.20240422
5.20240423
5.20240423
5.20240423
5.20240423
5.20240424
5.20240424
5.20240424
5.20240424
5.20240425
5.20240425
5.20240425
5.20240425
5.20240426
5.20240426
5.20240426
5.20240426
5.20240427
5.20240427
5.20240427
5.20240427
5.20240428
5.20240428
5.20240428
5.20240428
5.20240429
5.20240429
5.20240429
5.20240429
5.20240430
5.20240430
5.20240430
5.20240430
5.20240501
5.20240501
5.20240501
5.20240501
5.20240502
5.20240502
5.20240502
5.20240502
5.20240503
5.20240503
5.20240503
5.20240503
5.20240504
5.20240504
5.20240504
5.20240504
5.20240505
5.20240505
5.20240505
5.20240505
5.20240506
5.20240506
5.20240506
5.20240506
5.20240507
5.20240507
5.20240507
5.20240507
5.20240508
5.20240508
5.20240508
5.20240508
5.20240509
5.20240509
5.20240509
5.20240509
5.20240510
5.20240510
5.20240510
5.20240510
5.20240511
5.20240511
5.20240511
5.20240511
5.20240512
5.20240512
5.20240512
5.20240512
5.20240513
5.20240513
5.20240513
5.20240513
5.20240514
5.20240514
5.20240514
5.20240514
5.20240515
5.20240515
5.20240515
5.20240515
5.20240516
5.20240516
5.20240516
5.20240516
5.20240517
5.20240517
5.20240517
5.20240517
5.20240518
5.20240518
5.20240518
5.20240518
5.20240519
5.20240519
5.20240519
5.20240519
5.20240520
5.20240520
5.20240520
5.20240520
5.20240521
5.20240521
5.20240521
5.20240521
5.20240522
5.20240522
5.20240522
5.20240522
5.20240523
5.20240523
5.20240523
5.20240523
5.20240524
5.20240524
5.20240524
5.20240524
5.20240525
5.20240525
5.20240525
5.20240525
5.20240526
5.20240526
5.20240526
5.20240526
5.20240527
5.20240527
5.20240527
5.20240527
5.20240528
5.20240528
5.20240528
5.20240528
5.20240529
5.20240529
5.20240529
5.20240529
5.20240530
5.20240530
5.20240530
5.20240530
5.20240531
5.20240531
5.20240531
5.20240531
5.20240601
5.20240601
5.20240601
5.20240601
5.20240602
5.20240602
5.20240602
5.20240602
5.20240603
5.20240603
5.20240603
5.20240603
5.20240604
5.20240604
5.20240604
5.20240604
5.20240605
5.20240605
5.20240605
5.20240605
5.20240606
5.20240606
5.20240606
5.20240606
5.20240607
5.20240607
5.20240607
5.20240607
5.20240608
5.20240608
5.20240608
5.20240608
5.20240609
5.20240609
5.20240609
5.20240609
5.20240610
5.20240610
5.20240610
5.20240610
5.20240611
5.20240611
5.20240611
5.20240611
5.20240612
5.20240612
5.20240612
5.20240612
5.20240613
5.20240613
5.20240613
5.20240613
5.20240614
5.20240614
5.20240614
5.20240614
5.20240615
5.20240615
5.20240615
5.20240615
5.20240616
5.20240616
5.20240616
5.20240616
5.20240617
5.20240617
5.20240617
5.20240617
5.20240618
5.20240618
5.20240618
5.20240618
6.20230616
6.20230616
6.20230616
6.20230616
6.20230616.01.00
6.20230616.01.00
6.20230616.01.00
6.20230616.01.00
6.20230617
6.20230617
6.20230617
6.20230617
6.20230617.01.00
6.20230617.01.00
6.20230617.01.00
6.20230617.01.00
6.20230618
6.20230618
6.20230618
6.20230618
6.20230618.01.00
6.20230618.01.00
6.20230618.01.00
6.20230618.01.00
6.20230619
6.20230619
6.20230619
6.20230619
6.20230619.01.00
6.20230619.01.00
6.20230619.01.00
6.20230619.01.00
6.20230620
6.20230620
6.20230620
6.20230620
6.20230620.01.00
6.20230620.01.00
6.20230620.01.00
6.20230620.01.00
6.20230621
6.20230621
6.20230621
6.20230621
6.20230621.01.00
6.20230621.01.00
6.20230621.01.00
6.20230621.01.00
6.20230622
6.20230622
6.20230622
6.20230622
6.20230622.01.00
6.20230622.01.00
6.20230622.01.00
6.20230622.01.00
6.20230623
6.20230623
6.20230623
6.20230623
6.20230623.01.00
6.20230623.01.00
6.20230623.01.00
6.20230623.01.00
6.20230624
6.20230624
6.20230624
6.20230624
6.20230624.01.00
6.20230624.01.00
6.20230624.01.00
6.20230624.01.00
6.20230625
6.20230625
6.20230625
6.20230625
6.20230625.01.00
6.20230625.01.00
6.20230625.01.00
6.20230625.01.00
6.20230626
6.20230626
6.20230626
6.20230626
6.20230626.01.00
6.20230626.01.00
6.20230626.01.00
6.20230626.01.00
6.20230627
6.20230627
6.20230627
6.20230627
6.20230627.01.00
6.20230627.01.00
6.20230627.01.00
6.20230627.01.00
6.20230628
6.20230628
6.20230628
6.20230628
6.20230628.01.00
6.20230628.01.00
6.20230628.01.00
6.20230628.01.00
6.20230629
6.20230629
6.20230629
6.20230629
6.20230629.01.00
6.20230629.01.00
6.20230629.01.00
6.20230629.01.00
6.20230630
6.20230630
6.20230630
6.20230630
6.20230630.01.00
6.20230630.01.00
6.20230630.01.00
6.20230630.01.00
6.20230701
6.20230701
6.20230701
6.20230701
6.20230701.01.00
6.20230701.01.00
6.20230701.01.00
6.20230701.01.00
6.20230702
6.20230702
6.20230702
6.20230702
6.20230702.01.00
6.20230702.01.00
6.20230702.01.00
6.20230702.01.00
6.20230703
6.20230703
6.20230703
6.20230703
6.20230703.01.00
6.20230703.01.00
6.20230703.01.00
6.20230703.01.00
6.20230704
6.20230704
6.20230704
6.20230704
6.20230704.01.00
6.20230704.01.00
6.20230704.01.00
6.20230704.01.00
6.20230705
6.20230705
6.20230705
6.20230705
6.20230705.01.00
6.20230705.01.00
6.20230705.01.00
6.20230705.01.00
6.20230706
6.20230706
6.20230706
6.20230706
6.20230706.01.00
6.20230706.01.00
6.20230706.01.00
6.20230706.01.00
6.20230707
6.20230707
6.20230707
6.20230707
6.20230707.01.00
6.20230707.01.00
6.20230707.01.00
6.20230707.01.00
6.20230708
6.20230708
6.20230708
6.20230708
6.20230708.01.00
6.20230708.01.00
6.20230708.01.00
6.20230708.01.00
6.20230709
6.20230709
6.20230709
6.20230709
6.20230709.01.00
6.20230709.01.00
6.20230709.01.00
6.20230709.01.00
6.20230710
6.20230710
6.20230710
6.20230710
6.20230710.01.00
6.20230710.01.00
6.20230710.01.00
6.20230710.01.00
6.20230711
6.20230711
6.20230711
6.20230711
6.20230711.01.00
6.20230711.01.00
6.20230711.01.00
6.20230711.01.00
6.20230712
6.20230712
6.20230712
6.20230712
6.20230712.01.00
6.20230712.01.00
6.20230712.01.00
6.20230712.01.00
6.20230713
6.20230713
6.20230713
6.20230713
6.20230713.01.00
6.20230713.01.00
6.20230713.01.00
6.20230713.01.00
6.20230714
6.20230714
6.20230714
6.20230714
6.20230714.01.00
6.20230714.01.00
6.20230714.01.00
6.20230714.01.00
6.20230715
6.20230715
6.20230715
6.20230715
6.20230715.01.00
6.20230715.01.00
6.20230715.01.00
6.20230715.01.00
6.20230716
6.20230716
6.20230716
6.20230716
6.20230716.01.00
6.20230716.01.00
6.20230716.01.00
6.20230716.01.00
6.20230717
6.20230717
6.20230717
6.20230717
6.20230717.01.00
6.20230717.01.00
6.20230717.01.00
6.20230717.01.00
6.20230718
6.20230718
6.20230718
6.20230718
6.20230718.01.00
6.20230718.01.00
6.20230718.01.00
6.20230718.01.00
6.20230719
6.20230719
6.20230719
6.20230719
6.20230719.01.00
6.20230719.01.00
6.20230719.01.00
6.20230719.01.00
6.20230720
6.20230720
6.20230720
6.20230720
6.20230720.01.00
6.20230720.01.00
6.20230720.01.00
6.20230720.01.00
6.20230721
6.20230721
6.20230721
6.20230721
6.20230721.01.00
6.20230721.01.00
6.20230721.01.00
6.20230721.01.00
6.20230722
6.20230722
6.20230722
6.20230722
6.20230722.01.00
6.20230722.01.00
6.20230722.01.00
6.20230722.01.00
6.20230723
6.20230723
6.20230723
6.20230723
6.20230723.01.00
6.20230723.01.00
6.20230723.01.00
6.20230723.01.00
6.20230724
6.20230724
6.20230724
6.20230724
6.20230724.01.00
6.20230724.01.00
6.20230724.01.00
6.20230724.01.00
6.20230725
6.20230725
6.20230725
6.20230725
6.20230725.01.00
6.20230725.01.00
6.20230725.01.00
6.20230725.01.00
6.20230726
6.20230726
6.20230726
6.20230726
6.20230726.01.00
6.20230726.01.00
6.20230726.01.00
6.20230726.01.00
6.20230727
6.20230727
6.20230727
6.20230727
6.20230727.01.00
6.20230727.01.00
6.20230727.01.00
6.20230727.01.00
6.20230728
6.20230728
6.20230728
6.20230728
6.20230728.01.00
6.20230728.01.00
6.20230728.01.00
6.20230728.01.00
6.20230729
6.20230729
6.20230729
6.20230729
6.20230729.01.00
6.20230729.01.00
6.20230729.01.00
6.20230729.01.00
6.20230730
6.20230730
6.20230730
6.20230730
6.20230730.01.00
6.20230730.01.00
6.20230730.01.00
6.20230730.01.00
6.20230731
6.20230731
6.20230731
6.20230731
6.20230731.01.00
6.20230731.01.00
6.20230731.01.00
6.20230731.01.00
6.20230801
6.20230801
6.20230801
6.20230801
6.20230801.01.00
6.20230801.01.00
6.20230801.01.00
6.20230801.01.00
6.20230802
6.20230802
6.20230802
6.20230802
6.20230802.01.00
6.20230802.01.00
6.20230802.01.00
6.20230802.01.00
6.20230803
6.20230803
6.20230803
6.20230803
6.20230803.01.00
6.20230803.01.00
6.20230803.01.00
6.20230803.01.00
6.20230804
6.20230804
6.20230804
6.20230804
6.20230804.01.00
6.20230804.01.00
6.20230804.01.00
6.20230804.01.00
6.20230805
6.20230805
6.20230805
6.20230805
6.20230805.01.00
6.20230805.01.00
6.20230805.01.00
6.20230805.01.00
6.20230806
6.20230806
6.20230806
6.20230806
6.20230806.01.00
6.20230806.01.00
6.20230806.01.00
6.20230806.01.00
6.20230807
6.20230807
6.20230807
6.20230807
6.20230807.01.00
6.20230807.01.00
6.20230807.01.00
6.20230807.01.00
6.20230808
6.20230808
6.20230808
6.20230808
6.20230808.01.00
6.20230808.01.00
6.20230808.01.00
6.20230808.01.00
6.20230809
6.20230809
6.20230809
6.20230809
6.20230809.01.00
6.20230809.01.00
6.20230809.01.00
6.20230809.01.00
6.20230810
6.20230810
6.20230810
6.20230810
6.20230810.01.00
6.20230810.01.00
6.20230810.01.00
6.20230810.01.00
6.20230811
6.20230811
6.20230811
6.20230811
6.20230811.01.00
6.20230811.01.00
6.20230811.01.00
6.20230811.01.00
6.20230812
6.20230812
6.20230812
6.20230812
6.20230812.01.00
6.20230812.01.00
6.20230812.01.00
6.20230812.01.00
6.20230813
6.20230813
6.20230813
6.20230813
6.20230813.01.00
6.20230813.01.00
6.20230813.01.00
6.20230813.01.00
6.20230814
6.20230814
6.20230814
6.20230814
6.20230814.01.00
6.20230814.01.00
6.20230814.01.00
6.20230814.01.00
6.20230815
6.20230815
6.20230815
6.20230815
6.20230815.01.00
6.20230815.01.00
6.20230815.01.00
6.20230815.01.00
6.20230816
6.20230816
6.20230816
6.20230816
6.20230816.01.00
6.20230816.01.00
6.20230816.01.00
6.20230816.01.00
6.20230817
6.20230817
6.20230817
6.20230817
6.20230817.01.00
6.20230817.01.00
6.20230817.01.00
6.20230817.01.00
6.20230818
6.20230818
6.20230818
6.20230818
6.20230818.01.00
6.20230818.01.00
6.20230818.01.00
6.20230818.01.00
6.20230819
6.20230819
6.20230819
6.20230819
6.20230819.01.00
6.20230819.01.00
6.20230819.01.00
6.20230819.01.00
6.20230820
6.20230820
6.20230820
6.20230820
6.20230820.01.00
6.20230820.01.00
6.20230820.01.00
6.20230820.01.00
6.20230821
6.20230821
6.20230821
6.20230821
6.20230821.01.00
6.20230821.01.00
6.20230821.01.00
6.20230821.01.00
6.20230822
6.20230822
6.20230822
6.20230822
6.20230822.01.00
6.20230822.01.00
6.20230822.01.00
6.20230822.01.00
6.20230823
6.20230823
6.20230823
6.20230823
6.20230823.01.00
6.20230823.01.00
6.20230823.01.00
6.20230823.01.00
6.20230824
6.20230824
6.20230824
6.20230824
6.20230824.01.00
6.20230824.01.00
6.20230824.01.00
6.20230824.01.00
6.20230825
6.20230825
6.20230825
6.20230825
6.20230825.01.00
6.20230825.01.00
6.20230825.01.00
6.20230825.01.00
6.20230826
6.20230826
6.20230826
6.20230826
6.20230826.01.00
6.20230826.01.00
6.20230826.01.00
6.20230826.01.00
6.20230827
6.20230827
6.20230827
6.20230827
6.20230827.01.00
6.20230827.01.00
6.20230827.01.00
6.20230827.01.00
6.20230828
6.20230828
6.20230828
6.20230828
6.20230828.01.00
6.20230828.01.00
6.20230828.01.00
6.20230828.01.00
6.20230829
6.20230829
6.20230829
6.20230829
6.20230829.01.00
6.20230829.01.00
6.20230829.01.00
6.20230829.01.00
6.20230830
6.20230830
6.20230830
6.20230830
6.20230830.01.00
6.20230830.01.00
6.20230830.01.00
6.20230830.01.00
6.20230831
6.20230831
6.20230831
6.20230831
6.20230831.01.00
6.20230831.01.00
6.20230831.01.00
6.20230831.01.00
6.20230901
6.20230901
6.20230901
6.20230901
6.20230901.01.00
6.20230901.01.00
6.20230901.01.00
6.20230901.01.00
6.20230902
6.20230902
6.20230902
6.20230902
6.20230902.01.00
6.20230902.01.00
6.20230902.01.00
6.20230902.01.00
6.20230903
6.20230903
6.20230903
6.20230903
6.20230903.01.00
6.20230903.01.00
6.20230903.01.00
6.20230903.01.00
6.20230904
6.20230904
6.20230904
6.20230904
6.20230904.01.00
6.20230904.01.00
6.20230904.01.00
6.20230904.01.00
6.20230905
6.20230905
6.20230905
6.20230905
6.20230905.01.00
6.20230905.01.00
6.20230905.01.00
6.20230905.01.00
6.20230906
6.20230906
6.20230906
6.20230906
6.20230906.01.00
6.20230906.01.00
6.20230906.01.00
6.20230906.01.00
6.20230907
6.20230907
6.20230907
6.20230907
6.20230907.01.00
6.20230907.01.00
6.20230907.01.00
6.20230907.01.00
6.20230908
6.20230908
6.20230908
6.20230908
6.20230908.01.00
6.20230908.01.00
6.20230908.01.00
6.20230908.01.00
6.20230909
6.20230909
6.20230909
6.20230909
6.20230909.01.00
6.20230909.01.00
6.20230909.01.00
6.20230909.01.00
6.20230910
6.20230910
6.20230910
6.20230910
6.20230910.01.00
6.20230910.01.00
6.20230910.01.00
6.20230910.01.00
6.20230911
6.20230911
6.20230911
6.20230911
6.20230911.01.00
6.20230911.01.00
6.20230911.01.00
6.20230911.01.00
6.20230912
6.20230912
6.20230912
6.20230912
6.20230912.01.00
6.20230912.01.00
6.20230912.01.00
6.20230912.01.00
6.20230913
6.20230913
6.20230913
6.20230913
6.20230913.01.00
6.20230913.01.00
6.20230913.01.00
6.20230913.01.00
6.20230914
6.20230914
6.20230914
6.20230914
6.20230914.01.00
6.20230914.01.00
6.20230914.01.00
6.20230914.01.00
6.20230915
6.20230915
6.20230915
6.20230915
6.20230915.01.00
6.20230915.01.00
6.20230915.01.00
6.20230915.01.00
6.20230916
6.20230916
6.20230916
6.20230916
6.20230916.01.00
6.20230916.01.00
6.20230916.01.00
6.20230916.01.00
6.20230917
6.20230917
6.20230917
6.20230917
6.20230917.01.00
6.20230917.01.00
6.20230917.01.00
6.20230917.01.00
6.20230918
6.20230918
6.20230918
6.20230918
6.20230918.01.00
6.20230918.01.00
6.20230918.01.00
6.20230918.01.00
6.20230919
6.20230919
6.20230919
6.20230919
6.20230919.01.00
6.20230919.01.00
6.20230919.01.00
6.20230919.01.00
6.20230920
6.20230920
6.20230920
6.20230920
6.20230920.01.00
6.20230920.01.00
6.20230920.01.00
6.20230920.01.00
6.20230921
6.20230921
6.20230921
6.20230921
6.20230921.01.00
6.20230921.01.00
6.20230921.01.00
6.20230921.01.00
6.20230922
6.20230922
6.20230922
6.20230922
6.20230922.01.00
6.20230922.01.00
6.20230922.01.00
6.20230922.01.00
6.20230923
6.20230923
6.20230923
6.20230923
6.20230923.01.00
6.20230923.01.00
6.20230923.01.00
6.20230923.01.00
6.20230924
6.20230924
6.20230924
6.20230924
6.20230924.01.00
6.20230924.01.00
6.20230924.01.00
6.20230924.01.00
6.20230925
6.20230925
6.20230925
6.20230925
6.20230925.01.00
6.20230925.01.00
6.20230925.01.00
6.20230925.01.00
6.20230926
6.20230926
6.20230926
6.20230926
6.20230926.01.00
6.20230926.01.00
6.20230926.01.00
6.20230926.01.00
6.20230927
6.20230927
6.20230927
6.20230927
6.20230927.01.00
6.20230927.01.00
6.20230927.01.00
6.20230927.01.00
6.20230928
6.20230928
6.20230928
6.20230928
6.20230928.01.00
6.20230928.01.00
6.20230928.01.00
6.20230928.01.00
6.20230929
6.20230929
6.20230929
6.20230929
6.20230929.01.00
6.20230929.01.00
6.20230929.01.00
6.20230929.01.00
6.20230930
6.20230930
6.20230930
6.20230930
6.20230930.01.00
6.20230930.01.00
6.20230930.01.00
6.20230930.01.00
6.20231001
6.20231001
6.20231001
6.20231001
6.20231001.01.00
6.20231001.01.00
6.20231001.01.00
6.20231001.01.00
6.20231002
6.20231002
6.20231002
6.20231002
6.20231002.01.00
6.20231002.01.00
6.20231002.01.00
6.20231002.01.00
6.20231003
6.20231003
6.20231003
6.20231003
6.20231003.01.00
6.20231003.01.00
6.20231003.01.00
6.20231003.01.00
6.20231004
6.20231004
6.20231004
6.20231004
6.20231004.01.00
6.20231004.01.00
6.20231004.01.00
6.20231004.01.00
6.20231005
6.20231005
6.20231005
6.20231005
6.20231005.01.00
6.20231005.01.00
6.20231005.01.00
6.20231005.01.00
6.20231006
6.20231006
6.20231006
6.20231006
6.20231006.01.00
6.20231006.01.00
6.20231006.01.00
6.20231006.01.00
6.20231007
6.20231007
6.20231007
6.20231007
6.20231007.01.00
6.20231007.01.00
6.20231007.01.00
6.20231007.01.00
6.20231008
6.20231008
6.20231008
6.20231008
6.20231008.01.00
6.20231008.01.00
6.20231008.01.00
6.20231008.01.00
6.20231009
6.20231009
6.20231009
6.20231009
6.20231009.01.00
6.20231009.01.00
6.20231009.01.00
6.20231009.01.00
6.20231010
6.20231010
6.20231010
6.20231010
6.20231010.01.00
6.20231010.01.00
6.20231010.01.00
6.20231010.01.00
6.20231011
6.20231011
6.20231011
6.20231011
6.20231011.01.00
6.20231011.01.00
6.20231011.01.00
6.20231011.01.00
6.20231012
6.20231012
6.20231012
6.20231012
6.20231012.01.00
6.20231012.01.00
6.20231012.01.00
6.20231012.01.00
6.20231013
6.20231013
6.20231013
6.20231013
6.20231013.01.00
6.20231013.01.00
6.20231013.01.00
6.20231013.01.00
6.20231014
6.20231014
6.20231014
6.20231014
6.20231014.01.00
6.20231014.01.00
6.20231014.01.00
6.20231014.01.00
6.20231015
6.20231015
6.20231015
6.20231015
6.20231015.01.00
6.20231015.01.00
6.20231015.01.00
6.20231015.01.00
6.20231016
6.20231016
6.20231016
6.20231016
6.20231016.01.00
6.20231016.01.00
6.20231016.01.00
6.20231016.01.00
6.20231017
6.20231017
6.20231017
6.20231017
6.20231017.01.00
6.20231017.01.00
6.20231017.01.00
6.20231017.01.00
6.20231018
6.20231018
6.20231018
6.20231018
6.20231018.01.00
6.20231018.01.00
6.20231018.01.00
6.20231018.01.00
6.20231019
6.20231019
6.20231019
6.20231019
6.20231019.01.00
6.20231019.01.00
6.20231019.01.00
6.20231019.01.00
6.20231020
6.20231020
6.20231020
6.20231020
6.20231020.01.00
6.20231020.01.00
6.20231020.01.00
6.20231020.01.00
6.20231021
6.20231021
6.20231021
6.20231021
6.20231021.01.00
6.20231021.01.00
6.20231021.01.00
6.20231021.01.00
6.20231022
6.20231022
6.20231022
6.20231022
6.20231022.01.00
6.20231022.01.00
6.20231022.01.00
6.20231022.01.00
6.20231023
6.20231023
6.20231023
6.20231023
6.20231023.01.00
6.20231023.01.00
6.20231023.01.00
6.20231023.01.00
6.20231024
6.20231024
6.20231024
6.20231024
6.20231024.01.00
6.20231024.01.00
6.20231024.01.00
6.20231024.01.00
6.20231025
6.20231025
6.20231025
6.20231025
6.20231025.01.00
6.20231025.01.00
6.20231025.01.00
6.20231025.01.00
6.20231026
6.20231026
6.20231026
6.20231026
6.20231026.01.00
6.20231026.01.00
6.20231026.01.00
6.20231026.01.00
6.20231027
6.20231027
6.20231027
6.20231027
6.20231027.01.00
6.20231027.01.00
6.20231027.01.00
6.20231027.01.00
6.20231028
6.20231028
6.20231028
6.20231028
6.20231028.01.00
6.20231028.01.00
6.20231028.01.00
6.20231028.01.00
6.20231029
6.20231029
6.20231029
6.20231029
6.20231029.01.00
6.20231029.01.00
6.20231029.01.00
6.20231029.01.00
6.20231030
6.20231030
6.20231030
6.20231030
6.20231030.01.00
6.20231030.01.00
6.20231030.01.00
6.20231030.01.00
6.20231031
6.20231031
6.20231031
6.20231031
6.20231031.01.00
6.20231031.01.00
6.20231031.01.00
6.20231031.01.00
6.20231101
6.20231101
6.20231101
6.20231101
6.20231101.01.00
6.20231101.01.00
6.20231101.01.00
6.20231101.01.00
6.20231102
6.20231102
6.20231102
6.20231102
6.20231102.01.00
6.20231102.01.00
6.20231102.01.00
6.20231102.01.00
6.20231103
6.20231103
6.20231103
6.20231103
6.20231103.01.00
6.20231103.01.00
6.20231103.01.00
6.20231103.01.00
6.20231104
6.20231104
6.20231104
6.20231104
6.20231104.01.00
6.20231104.01.00
6.20231104.01.00
6.20231104.01.00
6.20231105
6.20231105
6.20231105
6.20231105
6.20231105.01.00
6.20231105.01.00
6.20231105.01.00
6.20231105.01.00
6.20231106
6.20231106
6.20231106
6.20231106
6.20231106.01.00
6.20231106.01.00
6.20231106.01.00
6.20231106.01.00
6.20231107
6.20231107
6.20231107
6.20231107
6.20231107.01.00
6.20231107.01.00
6.20231107.01.00
6.20231107.01.00
6.20231108
6.20231108
6.20231108
6.20231108
6.20231108.01.00
6.20231108.01.00
6.20231108.01.00
6.20231108.01.00
6.20231109
6.20231109
6.20231109
6.20231109
6.20231109.01.00
6.20231109.01.00
6.20231109.01.00
6.20231109.01.00
6.20231110
6.20231110
6.20231110
6.20231110
6.20231110.01.00
6.20231110.01.00
6.20231110.01.00
6.20231110.01.00
6.20231111
6.20231111
6.20231111
6.20231111
6.20231111.01.00
6.20231111.01.00
6.20231111.01.00
6.20231111.01.00
6.20231112
6.20231112
6.20231112
6.20231112
6.20231112.01.00
6.20231112.01.00
6.20231112.01.00
6.20231112.01.00
6.20231113
6.20231113
6.20231113
6.20231113
6.20231113.01.00
6.20231113.01.00
6.20231113.01.00
6.20231113.01.00
6.20231114
6.20231114
6.20231114
6.20231114
6.20231114.01.00
6.20231114.01.00
6.20231114.01.00
6.20231114.01.00
6.20231115
6.20231115
6.20231115
6.20231115
6.20231115.01.00
6.20231115.01.00
6.20231115.01.00
6.20231115.01.00
6.20231116
6.20231116
6.20231116
6.20231116
6.20231116.01.00
6.20231116.01.00
6.20231116.01.00
6.20231116.01.00
6.20231117
6.20231117
6.20231117
6.20231117
6.20231117.01.00
6.20231117.01.00
6.20231117.01.00
6.20231117.01.00
6.20231118
6.20231118
6.20231118
6.20231118
6.20231118.01.00
6.20231118.01.00
6.20231118.01.00
6.20231118.01.00
6.20231119
6.20231119
6.20231119
6.20231119
6.20231119.01.00
6.20231119.01.00
6.20231119.01.00
6.20231119.01.00
6.20231120
6.20231120
6.20231120
6.20231120
6.20231120.01.00
6.20231120.01.00
6.20231120.01.00
6.20231120.01.00
6.20231121
6.20231121
6.20231121
6.20231121
6.20231121.01.00
6.20231121.01.00
6.20231121.01.00
6.20231121.01.00
6.20231122
6.20231122
6.20231122
6.20231122
6.20231122.01.00
6.20231122.01.00
6.20231122.01.00
6.20231122.01.00
6.20231123
6.20231123
6.20231123
6.20231123
6.20231123.01.00
6.20231123.01.00
6.20231123.01.00
6.20231123.01.00
6.20231124
6.20231124
6.20231124
6.20231124
6.20231124.01.00
6.20231124.01.00
6.20231124.01.00
6.20231124.01.00
6.20231125
6.20231125
6.20231125
6.20231125
6.20231125.01.00
6.20231125.01.00
6.20231125.01.00
6.20231125.01.00
6.20231126
6.20231126
6.20231126
6.20231126
6.20231126.01.00
6.20231126.01.00
6.20231126.01.00
6.20231126.01.00
6.20231127
6.20231127
6.20231127
6.20231127
6.20231127.01.00
6.20231127.01.00
6.20231127.01.00
6.20231127.01.00
6.20231128
6.20231128
6.20231128
6.20231128
6.20231128.01.00
6.20231128.01.00
6.20231128.01.00
6.20231128.01.00
6.20231129
6.20231129
6.20231129
6.20231129
6.20231129.01.00
6.20231129.01.00
6.20231129.01.00
6.20231129.01.00
6.20231130
6.20231130
6.20231130
6.20231130
6.20231130.01.00
6.20231130.01.00
6.20231130.01.00
6.20231130.01.00
6.20231201
6.20231201
6.20231201
6.20231201
6.20231201.01.00
6.20231201.01.00
6.20231201.01.00
6.20231201.01.00
6.20231202
6.20231202
6.20231202
6.20231202
6.20231202.01.00
6.20231202.01.00
6.20231202.01.00
6.20231202.01.00
6.20231203
6.20231203
6.20231203
6.20231203
6.20231203.01.00
6.20231203.01.00
6.20231203.01.00
6.20231203.01.00
6.20231204
6.20231204
6.20231204
6.20231204
6.20231204.01.00
6.20231204.01.00
6.20231204.01.00
6.20231204.01.00
6.20231205
6.20231205
6.20231205
6.20231205
6.20231205.01.00
6.20231205.01.00
6.20231205.01.00
6.20231205.01.00
6.20231206
6.20231206
6.20231206
6.20231206
6.20231206.01.00
6.20231206.01.00
6.20231206.01.00
6.20231206.01.00
6.20231207
6.20231207
6.20231207
6.20231207
6.20231207.01.00
6.20231207.01.00
6.20231207.01.00
6.20231207.01.00
6.20231208
6.20231208
6.20231208
6.20231208
6.20231208.01.00
6.20231208.01.00
6.20231208.01.00
6.20231208.01.00
6.20231209
6.20231209
6.20231209
6.20231209
6.20231209.01.00
6.20231209.01.00
6.20231209.01.00
6.20231209.01.00
6.20231210
6.20231210
6.20231210
6.20231210
6.20231210.01.00
6.20231210.01.00
6.20231210.01.00
6.20231210.01.00
6.20231211
6.20231211
6.20231211
6.20231211
6.20231211.01.00
6.20231211.01.00
6.20231211.01.00
6.20231211.01.00
6.20231212
6.20231212
6.20231212
6.20231212
6.20231212.01.00
6.20231212.01.00
6.20231212.01.00
6.20231212.01.00
6.20231213
6.20231213
6.20231213
6.20231213
6.20231213.01.00
6.20231213.01.00
6.20231213.01.00
6.20231213.01.00
6.20231214
6.20231214
6.20231214
6.20231214
6.20231214.01.00
6.20231214.01.00
6.20231214.01.00
6.20231214.01.00
6.20231215
6.20231215
6.20231215
6.20231215
6.20231215.01.00
6.20231215.01.00
6.20231215.01.00
6.20231215.01.00
6.20231216
6.20231216
6.20231216
6.20231216
6.20231216.01.00
6.20231216.01.00
6.20231216.01.00
6.20231216.01.00
6.20231217
6.20231217
6.20231217
6.20231217
6.20231217.01.00
6.20231217.01.00
6.20231217.01.00
6.20231217.01.00
6.20231218
6.20231218
6.20231218
6.20231218
6.20231218.01.00
6.20231218.01.00
6.20231218.01.00
6.20231218.01.00
6.20231219
6.20231219
6.20231219
6.20231219
6.20231219.01.00
6.20231219.01.00
6.20231219.01.00
6.20231219.01.00
6.20231220
6.20231220
6.20231220
6.20231220
6.20231220.01.00
6.20231220.01.00
6.20231220.01.00
6.20231220.01.00
6.20231221
6.20231221
6.20231221
6.20231221
6.20231221.01.00
6.20231221.01.00
6.20231221.01.00
6.20231221.01.00
6.20231222
6.20231222
6.20231222
6.20231222
6.20231222.01.00
6.20231222.01.00
6.20231222.01.00
6.20231222.01.00
6.20231223
6.20231223
6.20231223
6.20231223
6.20231223.01.00
6.20231223.01.00
6.20231223.01.00
6.20231223.01.00
6.20231224
6.20231224
6.20231224
6.20231224
6.20231224.01.00
6.20231224.01.00
6.20231224.01.00
6.20231224.01.00
6.20231225
6.20231225
6.20231225
6.20231225
6.20231225.01.00
6.20231225.01.00
6.20231225.01.00
6.20231225.01.00
6.20231226
6.20231226
6.20231226
6.20231226
6.20231226.01.00
6.20231226.01.00
6.20231226.01.00
6.20231226.01.00
6.20231227
6.20231227
6.20231227
6.20231227
6.20231227.01.00
6.20231227.01.00
6.20231227.01.00
6.20231227.01.00
6.20231228
6.20231228
6.20231228
6.20231228
6.20231228.01.00
6.20231228.01.00
6.20231228.01.00
6.20231228.01.00
6.20231229
6.20231229
6.20231229
6.20231229
6.20231229.01.00
6.20231229.01.00
6.20231229.01.00
6.20231229.01.00
6.20231230
6.20231230
6.20231230
6.20231230
6.20231230.01.00
6.20231230.01.00
6.20231230.01.00
6.20231230.01.00
6.20231231
6.20231231
6.20231231
6.20231231
6.20231231.01.00
6.20231231.01.00
6.20231231.01.00
6.20231231.01.00
6.20240101
6.20240101
6.20240101
6.20240101
6.20240101.01.00
6.20240101.01.00
6.20240101.01.00
6.20240101.01.00
6.20240102
6.20240102
6.20240102
6.20240102
6.20240102.01.00
6.20240102.01.00
6.20240102.01.00
6.20240102.01.00
6.20240103
6.20240103
6.20240103
6.20240103
6.20240103.01.00
6.20240103.01.00
6.20240103.01.00
6.20240103.01.00
6.20240104
6.20240104
6.20240104
6.20240104
6.20240104.01.00
6.20240104.01.00
6.20240104.01.00
6.20240104.01.00
6.20240105
6.20240105
6.20240105
6.20240105
6.20240105.01.00
6.20240105.01.00
6.20240105.01.00
6.20240105.01.00
6.20240106
6.20240106
6.20240106
6.20240106
6.20240106.01.00
6.20240106.01.00
6.20240106.01.00
6.20240106.01.00
6.20240107
6.20240107
6.20240107
6.20240107
6.20240107.01.00
6.20240107.01.00
6.20240107.01.00
6.20240107.01.00
6.20240108
6.20240108
6.20240108
6.20240108
6.20240108.01.00
6.20240108.01.00
6.20240108.01.00
6.20240108.01.00
6.20240109
6.20240109
6.20240109
6.20240109
6.20240109.01.00
6.20240109.01.00
6.20240109.01.00
6.20240109.01.00
6.20240110
6.20240110
6.20240110
6.20240110
6.20240110.01.00
6.20240110.01.00
6.20240110.01.00
6.20240110.01.00
6.20240111
6.20240111
6.20240111
6.20240111
6.20240111.01.00
6.20240111.01.00
6.20240111.01.00
6.20240111.01.00
6.20240112
6.20240112
6.20240112
6.20240112
6.20240112.01.00
6.20240112.01.00
6.20240112.01.00
6.20240112.01.00
6.20240113
6.20240113
6.20240113
6.20240113
6.20240113.01.00
6.20240113.01.00
6.20240113.01.00
6.20240113.01.00
6.20240114
6.20240114
6.20240114
6.20240114
6.20240114.01.00
6.20240114.01.00
6.20240114.01.00
6.20240114.01.00
6.20240115
6.20240115
6.20240115
6.20240115
6.20240115.01.00
6.20240115.01.00
6.20240115.01.00
6.20240115.01.00
6.20240116
6.20240116
6.20240116
6.20240116
6.20240116.01.00
6.20240116.01.00
6.20240116.01.00
6.20240116.01.00
6.20240117
6.20240117
6.20240117
6.20240117
6.20240117.01.00
6.20240117.01.00
6.20240117.01.00
6.20240117.01.00
6.20240118
6.20240118
6.20240118
6.20240118
6.20240118.01.00
6.20240118.01.00
6.20240118.01.00
6.20240118.01.00
6.20240119
6.20240119
6.20240119
6.20240119
6.20240119.01.00
6.20240119.01.00
6.20240119.01.00
6.20240119.01.00
6.20240120
6.20240120
6.20240120
6.20240120
6.20240120.01.00
6.20240120.01.00
6.20240120.01.00
6.20240120.01.00
6.20240121
6.20240121
6.20240121
6.20240121
6.20240121.01.00
6.20240121.01.00
6.20240121.01.00
6.20240121.01.00
6.20240122
6.20240122
6.20240122
6.20240122
6.20240122.01.00
6.20240122.01.00
6.20240122.01.00
6.20240122.01.00
6.20240123
6.20240123
6.20240123
6.20240123
6.20240123.01.00
6.20240123.01.00
6.20240123.01.00
6.20240123.01.00
6.20240124
6.20240124
6.20240124
6.20240124
6.20240124.01.00
6.20240124.01.00
6.20240124.01.00
6.20240124.01.00
6.20240125
6.20240125
6.20240125
6.20240125
6.20240125.01.00
6.20240125.01.00
6.20240125.01.00
6.20240125.01.00
6.20240126
6.20240126
6.20240126
6.20240126
6.20240126.01.00
6.20240126.01.00
6.20240126.01.00
6.20240126.01.00
6.20240127
6.20240127
6.20240127
6.20240127
6.20240127.01.00
6.20240127.01.00
6.20240127.01.00
6.20240127.01.00
6.20240128
6.20240128
6.20240128
6.20240128
6.20240128.01.00
6.20240128.01.00
6.20240128.01.00
6.20240128.01.00
6.20240129
6.20240129
6.20240129
6.20240129
6.20240129.01.00
6.20240129.01.00
6.20240129.01.00
6.20240129.01.00
6.20240130
6.20240130
6.20240130
6.20240130
6.20240130.01.00
6.20240130.01.00
6.20240130.01.00
6.20240130.01.00
6.20240131
6.20240131
6.20240131
6.20240131
6.20240131.01.00
6.20240131.01.00
6.20240131.01.00
6.20240131.01.00
6.20240201
6.20240201
6.20240201
6.20240201
6.20240201.01.00
6.20240201.01.00
6.20240201.01.00
6.20240201.01.00
6.20240202
6.20240202
6.20240202
6.20240202
6.20240202.01.00
6.20240202.01.00
6.20240202.01.00
6.20240202.01.00
6.20240203
6.20240203
6.20240203
6.20240203
6.20240203.01.00
6.20240203.01.00
6.20240203.01.00
6.20240203.01.00
6.20240204
6.20240204
6.20240204
6.20240204
6.20240204.01.00
6.20240204.01.00
6.20240204.01.00
6.20240204.01.00
6.20240205
6.20240205
6.20240205
6.20240205
6.20240205.01.00
6.20240205.01.00
6.20240205.01.00
6.20240205.01.00
6.20240206
6.20240206
6.20240206
6.20240206
6.20240206.01.00
6.20240206.01.00
6.20240206.01.00
6.20240206.01.00
6.20240207
6.20240207
6.20240207
6.20240207
6.20240207.01.00
6.20240207.01.00
6.20240207.01.00
6.20240207.01.00
6.20240208
6.20240208
6.20240208
6.20240208
6.20240208.01.00
6.20240208.01.00
6.20240208.01.00
6.20240208.01.00
6.20240209
6.20240209
6.20240209
6.20240209
6.20240209.01.00
6.20240209.01.00
6.20240209.01.00
6.20240209.01.00
6.20240210
6.20240210
6.20240210
6.20240210
6.20240210.01.00
6.20240210.01.00
6.20240210.01.00
6.20240210.01.00
6.20240211
6.20240211
6.20240211
6.20240211
6.20240211.01.00
6.20240211.01.00
6.20240211.01.00
6.20240211.01.00
6.20240212
6.20240212
6.20240212
6.20240212
6.20240212.01.00
6.20240212.01.00
6.20240212.01.00
6.20240212.01.00
6.20240213
6.20240213
6.20240213
6.20240213
6.20240213.01.00
6.20240213.01.00
6.20240213.01.00
6.20240213.01.00
6.20240214
6.20240214
6.20240214
6.20240214
6.20240214.01.00
6.20240214.01.00
6.20240214.01.00
6.20240214.01.00
6.20240215
6.20240215
6.20240215
6.20240215
6.20240215.01.00
6.20240215.01.00
6.20240215.01.00
6.20240215.01.00
6.20240216
6.20240216
6.20240216
6.20240216
6.20240216.01.00
6.20240216.01.00
6.20240216.01.00
6.20240216.01.00
6.20240217
6.20240217
6.20240217
6.20240217
6.20240217.01.00
6.20240217.01.00
6.20240217.01.00
6.20240217.01.00
6.20240218
6.20240218
6.20240218
6.20240218
6.20240218.01.00
6.20240218.01.00
6.20240218.01.00
6.20240218.01.00
6.20240219
6.20240219
6.20240219
6.20240219
6.20240219.01.00
6.20240219.01.00
6.20240219.01.00
6.20240219.01.00
6.20240220
6.20240220
6.20240220
6.20240220
6.20240220.01.00
6.20240220.01.00
6.20240220.01.00
6.20240220.01.00
6.20240221
6.20240221
6.20240221
6.20240221
6.20240221.01.00
6.20240221.01.00
6.20240221.01.00
6.20240221.01.00
6.20240222
6.20240222
6.20240222
6.20240222
6.20240222.01.00
6.20240222.01.00
6.20240222.01.00
6.20240222.01.00
6.20240223
6.20240223
6.20240223
6.20240223
6.20240223.01.00
6.20240223.01.00
6.20240223.01.00
6.20240223.01.00
6.20240224
6.20240224
6.20240224
6.20240224
6.20240224.01.00
6.20240224.01.00
6.20240224.01.00
6.20240224.01.00
6.20240225
6.20240225
6.20240225
6.20240225
6.20240225.01.00
6.20240225.01.00
6.20240225.01.00
6.20240225.01.00
6.20240226
6.20240226
6.20240226
6.20240226
6.20240226.01.00
6.20240226.01.00
6.20240226.01.00
6.20240226.01.00
6.20240227
6.20240227
6.20240227
6.20240227
6.20240227.01.00
6.20240227.01.00
6.20240227.01.00
6.20240227.01.00
6.20240228
6.20240228
6.20240228
6.20240228
6.20240228.01.00
6.20240228.01.00
6.20240228.01.00
6.20240228.01.00
6.20240229
6.20240229
6.20240229
6.20240229
6.20240229.01.00
6.20240229.01.00
6.20240229.01.00
6.20240229.01.00
6.20240301
6.20240301
6.20240301
6.20240301
6.20240301.01.00
6.20240301.01.00
6.20240301.01.00
6.20240301.01.00
6.20240302
6.20240302
6.20240302
6.20240302
6.20240302.01.00
6.20240302.01.00
6.20240302.01.00
6.20240302.01.00
6.20240303
6.20240303
6.20240303
6.20240303
6.20240303.01.00
6.20240303.01.00
6.20240303.01.00
6.20240303.01.00
6.20240304
6.20240304
6.20240304
6.20240304
6.20240304.01.00
6.20240304.01.00
6.20240304.01.00
6.20240304.01.00
6.20240305
6.20240305
6.20240305
6.20240305
6.20240305.01.00
6.20240305.01.00
6.20240305.01.00
6.20240305.01.00
6.20240306
6.20240306
6.20240306
6.20240306
6.20240306.01.00
6.20240306.01.00
6.20240306.01.00
6.20240306.01.00
6.20240307
6.20240307
6.20240307
6.20240307
6.20240307.01.00
6.20240307.01.00
6.20240307.01.00
6.20240307.01.00
6.20240308
6.20240308
6.20240308
6.20240308
6.20240308.01.00
6.20240308.01.00
6.20240308.01.00
6.20240308.01.00
6.20240309
6.20240309
6.20240309
6.20240309
6.20240309.01.00
6.20240309.01.00
6.20240309.01.00
6.20240309.01.00
6.20240310
6.20240310
6.20240310
6.20240310
6.20240310.01.00
6.20240310.01.00
6.20240310.01.00
6.20240310.01.00
6.20240311
6.20240311
6.20240311
6.20240311
6.20240311.01.00
6.20240311.01.00
6.20240311.01.00
6.20240311.01.00
6.20240312
6.20240312
6.20240312
6.20240312
6.20240312.01.00
6.20240312.01.00
6.20240312.01.00
6.20240312.01.00
6.20240313
6.20240313
6.20240313
6.20240313
6.20240313.01.00
6.20240313.01.00
6.20240313.01.00
6.20240313.01.00
6.20240314
6.20240314
6.20240314
6.20240314
6.20240314.01.00
6.20240314.01.00
6.20240314.01.00
6.20240314.01.00
6.20240315
6.20240315
6.20240315
6.20240315
6.20240315.01.00
6.20240315.01.00
6.20240315.01.00
6.20240315.01.00
6.20240316
6.20240316
6.20240316
6.20240316
6.20240316.01.00
6.20240316.01.00
6.20240316.01.00
6.20240316.01.00
6.20240317
6.20240317
6.20240317
6.20240317
6.20240317.01.00
6.20240317.01.00
6.20240317.01.00
6.20240317.01.00
6.20240318
6.20240318
6.20240318
6.20240318
6.20240318.01.00
6.20240318.01.00
6.20240318.01.00
6.20240318.01.00
6.20240319
6.20240319
6.20240319
6.20240319
6.20240319.01.00
6.20240319.01.00
6.20240319.01.00
6.20240319.01.00
6.20240320
6.20240320
6.20240320
6.20240320
6.20240320.01.00
6.20240320.01.00
6.20240320.01.00
6.20240320.01.00
6.20240321
6.20240321
6.20240321
6.20240321
6.20240321.01.00
6.20240321.01.00
6.20240321.01.00
6.20240321.01.00
6.20240322
6.20240322
6.20240322
6.20240322
6.20240322.01.00
6.20240322.01.00
6.20240322.01.00
6.20240322.01.00
6.20240323
6.20240323
6.20240323
6.20240323
6.20240323.01.00
6.20240323.01.00
6.20240323.01.00
6.20240323.01.00
6.20240324
6.20240324
6.20240324
6.20240324
6.20240324.01.00
6.20240324.01.00
6.20240324.01.00
6.20240324.01.00
6.20240325
6.20240325
6.20240325
6.20240325
6.20240325.01.00
6.20240325.01.00
6.20240325.01.00
6.20240325.01.00
6.20240326
6.20240326
6.20240326
6.20240326
6.20240326.01.00
6.20240326.01.00
6.20240326.01.00
6.20240326.01.00
6.20240327
6.20240327
6.20240327
6.20240327
6.20240327.01.00
6.20240327.01.00
6.20240327.01.00
6.20240327.01.00
6.20240328
6.20240328
6.20240328
6.20240328
6.20240328.01.00
6.20240328.01.00
6.20240328.01.00
6.20240328.01.00
6.20240329
6.20240329
6.20240329
6.20240329
6.20240329.01.00
6.20240329.01.00
6.20240329.01.00
6.20240329.01.00
6.20240330
6.20240330
6.20240330
6.20240330
6.20240330.01.00
6.20240330.01.00
6.20240330.01.00
6.20240330.01.00
6.20240331
6.20240331
6.20240331
6.20240331
6.20240331.01.00
6.20240331.01.00
6.20240331.01.00
6.20240331.01.00
6.20240401
6.20240401
6.20240401
6.20240401
6.20240401.01.00
6.20240401.01.00
6.20240401.01.00
6.20240401.01.00
6.20240402
6.20240402
6.20240402
6.20240402
6.20240402.01.00
6.20240402.01.00
6.20240402.01.00
6.20240402.01.00
6.20240403
6.20240403
6.20240403
6.20240403
6.20240403.01.00
6.20240403.01.00
6.20240403.01.00
6.20240403.01.00
6.20240404
6.20240404
6.20240404
6.20240404
6.20240404.01.00
6.20240404.01.00
6.20240404.01.00
6.20240404.01.00
6.20240405
6.20240405
6.20240405
6.20240405
6.20240405.01.00
6.20240405.01.00
6.20240405.01.00
6.20240405.01.00
6.20240406
6.20240406
6.20240406
6.20240406
6.20240406.01.00
6.20240406.01.00
6.20240406.01.00
6.20240406.01.00
6.20240407
6.20240407
6.20240407
6.20240407
6.20240407.01.00
6.20240407.01.00
6.20240407.01.00
6.20240407.01.00
6.20240408
6.20240408
6.20240408
6.20240408
6.20240408.01.00
6.20240408.01.00
6.20240408.01.00
6.20240408.01.00
6.20240409
6.20240409
6.20240409
6.20240409
6.20240409.01.00
6.20240409.01.00
6.20240409.01.00
6.20240409.01.00
6.20240410
6.20240410
6.20240410
6.20240410
6.20240410.01.00
6.20240410.01.00
6.20240410.01.00
6.20240410.01.00
6.20240411
6.20240411
6.20240411
6.20240411
6.20240411.01.00
6.20240411.01.00
6.20240411.01.00
6.20240411.01.00
6.20240412
6.20240412
6.20240412
6.20240412
6.20240412.01.00
6.20240412.01.00
6.20240412.01.00
6.20240412.01.00
6.20240413
6.20240413
6.20240413
6.20240413
6.20240413.01.00
6.20240413.01.00
6.20240413.01.00
6.20240413.01.00
6.20240414
6.20240414
6.20240414
6.20240414
6.20240414.01.00
6.20240414.01.00
6.20240414.01.00
6.20240414.01.00
6.20240415
6.20240415
6.20240415
6.20240415
6.20240415.01.00
6.20240415.01.00
6.20240415.01.00
6.20240415.01.00
6.20240416
6.20240416
6.20240416
6.20240416
6.20240416.01.00
6.20240416.01.00
6.20240416.01.00
6.20240416.01.00
6.20240417
6.20240417
6.20240417
6.20240417
6.20240417.01.00
6.20240417.01.00
6.20240417.01.00
6.20240417.01.00
6.20240418
6.20240418
6.20240418
6.20240418
6.20240418.01.00
6.20240418.01.00
6.20240418.01.00
6.20240418.01.00
6.20240419
6.20240419
6.20240419
6.20240419
6.20240419.01.00
6.20240419.01.00
6.20240419.01.00
6.20240419.01.00
6.20240420
6.20240420
6.20240420
6.20240420
6.20240420.01.00
6.20240420.01.00
6.20240420.01.00
6.20240420.01.00
6.20240421
6.20240421
6.20240421
6.20240421
6.20240421.01.00
6.20240421.01.00
6.20240421.01.00
6.20240421.01.00
6.20240422
6.20240422
6.20240422
6.20240422
6.20240422.01.00
6.20240422.01.00
6.20240422.01.00
6.20240422.01.00
6.20240423
6.20240423
6.20240423
6.20240423
6.20240423.01.00
6.20240423.01.00
6.20240423.01.00
6.20240423.01.00
6.20240424
6.20240424
6.20240424
6.20240424
6.20240424.01.00
6.20240424.01.00
6.20240424.01.00
6.20240424.01.00
6.20240425
6.20240425
6.20240425
6.20240425
6.20240425.01.00
6.20240425.01.00
6.20240425.01.00
6.20240425.01.00
6.20240426
6.20240426
6.20240426
6.20240426
6.20240426.01.00
6.20240426.01.00
6.20240426.01.00
6.20240426.01.00
6.20240427
6.20240427
6.20240427
6.20240427
6.20240427.01.00
6.20240427.01.00
6.20240427.01.00
6.20240427.01.00
6.20240428
6.20240428
6.20240428
6.20240428
6.20240428.01.00
6.20240428.01.00
6.20240428.01.00
6.20240428.01.00
6.20240429
6.20240429
6.20240429
6.20240429
6.20240429.01.00
6.20240429.01.00
6.20240429.01.00
6.20240429.01.00
6.20240430
6.20240430
6.20240430
6.20240430
6.20240430.01.00
6.20240430.01.00
6.20240430.01.00
6.20240430.01.00
6.20240501
6.20240501
6.20240501
6.20240501
6.20240501.01.00
6.20240501.01.00
6.20240501.01.00
6.20240501.01.00
6.20240502
6.20240502
6.20240502
6.20240502
6.20240502.01.00
6.20240502.01.00
6.20240502.01.00
6.20240502.01.00
6.20240503
6.20240503
6.20240503
6.20240503
6.20240503.01.00
6.20240503.01.00
6.20240503.01.00
6.20240503.01.00
6.20240504
6.20240504
6.20240504
6.20240504
6.20240504.01.00
6.20240504.01.00
6.20240504.01.00
6.20240504.01.00
6.20240505
6.20240505
6.20240505
6.20240505
6.20240505.01.00
6.20240505.01.00
6.20240505.01.00
6.20240505.01.00
6.20240506
6.20240506
6.20240506
6.20240506
6.20240506.01.00
6.20240506.01.00
6.20240506.01.00
6.20240506.01.00
6.20240507
6.20240507
6.20240507
6.20240507
6.20240507.01.00
6.20240507.01.00
6.20240507.01.00
6.20240507.01.00
6.20240508
6.20240508
6.20240508
6.20240508
6.20240508.01.00
6.20240508.01.00
6.20240508.01.00
6.20240508.01.00
6.20240509
6.20240509
6.20240509
6.20240509
6.20240509.01.00
6.20240509.01.00
6.20240509.01.00
6.20240509.01.00
6.20240510
6.20240510
6.20240510
6.20240510
6.20240510.01.00
6.20240510.01.00
6.20240510.01.00
6.20240510.01.00
6.20240511
6.20240511
6.20240511
6.20240511
6.20240511.01.00
6.20240511.01.00
6.20240511.01.00
6.20240511.01.00
6.20240512
6.20240512
6.20240512
6.20240512
6.20240512.01.00
6.20240512.01.00
6.20240512.01.00
6.20240512.01.00
6.20240513
6.20240513
6.20240513
6.20240513
6.20240513.01.00
6.20240513.01.00
6.20240513.01.00
6.20240513.01.00
6.20240514
6.20240514
6.20240514
6.20240514
6.20240514.01.00
6.20240514.01.00
6.20240514.01.00
6.20240514.01.00
6.20240515
6.20240515
6.20240515
6.20240515
6.20240515.01.00
6.20240515.01.00
6.20240515.01.00
6.20240515.01.00
6.20240516
6.20240516
6.20240516
6.20240516
6.20240516.01.00
6.20240516.01.00
6.20240516.01.00
6.20240516.01.00
6.20240517
6.20240517
6.20240517
6.20240517
6.20240517.01.00
6.20240517.01.00
6.20240517.01.00
6.20240517.01.00
6.20240518
6.20240518
6.20240518
6.20240518
6.20240518.01.00
6.20240518.01.00
6.20240518.01.00
6.20240518.01.00
6.20240519
6.20240519
6.20240519
6.20240519
6.20240519.01.00
6.20240519.01.00
6.20240519.01.00
6.20240519.01.00
6.20240520
6.20240520
6.20240520
6.20240520
6.20240520.01.00
6.20240520.01.00
6.20240520.01.00
6.20240520.01.00
6.20240521
6.20240521
6.20240521
6.20240521
6.20240521.01.00
6.20240521.01.00
6.20240521.01.00
6.20240521.01.00
6.20240522
6.20240522
6.20240522
6.20240522
6.20240522.01.00
6.20240522.01.00
6.20240522.01.00
6.20240522.01.00
6.20240523
6.20240523
6.20240523
6.20240523
6.20240523.01.00
6.20240523.01.00
6.20240523.01.00
6.20240523.01.00
6.20240524
6.20240524
6.20240524
6.20240524
6.20240524.01.00
6.20240524.01.00
6.20240524.01.00
6.20240524.01.00
6.20240525
6.20240525
6.20240525
6.20240525
6.20240525.01.00
6.20240525.01.00
6.20240525.01.00
6.20240525.01.00
6.20240526
6.20240526
6.20240526
6.20240526
6.20240526.01.00
6.20240526.01.00
6.20240526.01.00
6.20240526.01.00
6.20240527
6.20240527
6.20240527
6.20240527
6.20240527.01.00
6.20240527.01.00
6.20240527.01.00
6.20240527.01.00
6.20240528
6.20240528
6.20240528
6.20240528
6.20240528.01.00
6.20240528.01.00
6.20240528.01.00
6.20240528.01.00
6.20240529
6.20240529
6.20240529
6.20240529
6.20240529.01.00
6.20240529.01.00
6.20240529.01.00
6.20240529.01.00
6.20240530
6.20240530
6.20240530
6.20240530
6.20240530.01.00
6.20240530.01.00
6.20240530.01.00
6.20240530.01.00
6.20240531
6.20240531
6.20240531
6.20240531
6.20240531.01.00
6.20240531.01.00
6.20240531.01.00
6.20240531.01.00
6.20240601
6.20240601
6.20240601
6.20240601
6.20240601.01.00
6.20240601.01.00
6.20240601.01.00
6.20240601.01.00
6.20240602
6.20240602
6.20240602
6.20240602
6.20240602.01.00
6.20240602.01.00
6.20240602.01.00
6.20240602.01.00
6.20240603
6.20240603
6.20240603
6.20240603
6.20240603.01.00
6.20240603.01.00
6.20240603.01.00
6.20240603.01.00
6.20240604
6.20240604
6.20240604
6.20240604
6.20240604.01.00
6.20240604.01.00
6.20240604.01.00
6.20240604.01.00
6.20240605
6.20240605
6.20240605
6.20240605
6.20240605.01.00
6.20240605.01.00
6.20240605.01.00
6.20240605.01.00
6.20240606
6.20240606
6.20240606
6.20240606
6.20240606.01.00
6.20240606.01.00
6.20240606.01.00
6.20240606.01.00
6.20240607
6.20240607
6.20240607
6.20240607
6.20240607.01.00
6.20240607.01.00
6.20240607.01.00
6.20240607.01.00
6.20240608
6.20240608
6.20240608
6.20240608
6.20240608.01.00
6.20240608.01.00
6.20240608.01.00
6.20240608.01.00
6.20240609
6.20240609
6.20240609
6.20240609
6.20240609.01.00
6.20240609.01.00
6.20240609.01.00
6.20240609.01.00
6.20240610
6.20240610
6.20240610
6.20240610
6.20240610.01.00
6.20240610.01.00
6.20240610.01.00
6.20240610.01.00
6.20240611
6.20240611
6.20240611
6.20240611
6.20240611.01.00
6.20240611.01.00
6.20240611.01.00
6.20240611.01.00
6.20240612
6.20240612
6.20240612
6.20240612
6.20240612.01.00
6.20240612.01.00
6.20240612.01.00
6.20240612.01.00
6.20240613
6.20240613
6.20240613
6.20240613
6.20240613.01.00
6.20240613.01.00
6.20240613.01.00
6.20240613.01.00
6.20240614
6.20240614
6.20240614
6.20240614
6.20240614.01.00
6.20240614.01.00
6.20240614.01.00
6.20240614.01.00
6.20240615
6.20240615
6.20240615
6.20240615
6.20240615.01.00
6.20240615.01.00
6.20240615.01.00
6.20240615.01.00
6.20240616
6.20240616
6.20240616
6.20240616
6.20240616.01.00
6.20240616.01.00
6.20240616.01.00
6.20240616.01.00
6.20240617
6.20240617
6.20240617
6.20240617
6.20240617.01.00
6.20240617.01.00
6.20240617.01.00
6.20240617.01.00
6.20240618
6.20240618
6.20240618
6.20240618
6.20240618.01.00
6.20240618.01.00
6.20240618.01.00
6.20240618.01.00
7.20230616.01.00
7.20230616.01.00
7.20230616.01.00
7.20230616.01.00
7.20230617
7.20230617
7.20230617
7.20230617
7.20230617.01.00
7.20230617.01.00
7.20230617.01.00
7.20230617.01.00
7.20230618
7.20230618
7.20230618
7.20230618
7.20230618.01.00
7.20230618.01.00
7.20230618.01.00
7.20230618.01.00
7.20230619
7.20230619
7.20230619
7.20230619
7.20230619.01.00
7.20230619.01.00
7.20230619.01.00
7.20230619.01.00
7.20230620
7.20230620
7.20230620
7.20230620
7.20230620.01.00
7.20230620.01.00
7.20230620.01.00
7.20230620.01.00
7.20230621
7.20230621
7.20230621
7.20230621
7.20230621.01.00
7.20230621.01.00
7.20230621.01.00
7.20230621.01.00
7.20230622
7.20230622
7.20230622
7.20230622
7.20230622.01.00
7.20230622.01.00
7.20230622.01.00
7.20230622.01.00
7.20230623
7.20230623
7.20230623
7.20230623
7.20230623.01.00
7.20230623.01.00
7.20230623.01.00
7.20230623.01.00
7.20230624
7.20230624
7.20230624
7.20230624
7.20230624.01.00
7.20230624.01.00
7.20230624.01.00
7.20230624.01.00
7.20230625
7.20230625
7.20230625
7.20230625
7.20230625.01.00
7.20230625.01.00
7.20230625.01.00
7.20230625.01.00
7.20230626
7.20230626
7.20230626
7.20230626
7.20230626.01.00
7.20230626.01.00
7.20230626.01.00
7.20230626.01.00
7.20230627
7.20230627
7.20230627
7.20230627
7.20230627.01.00
7.20230627.01.00
7.20230627.01.00
7.20230627.01.00
7.20230628
7.20230628
7.20230628
7.20230628
7.20230628.01.00
7.20230628.01.00
7.20230628.01.00
7.20230628.01.00
7.20230629
7.20230629
7.20230629
7.20230629
7.20230629.01.00
7.20230629.01.00
7.20230629.01.00
7.20230629.01.00
7.20230630
7.20230630
7.20230630
7.20230630
7.20230630.01.00
7.20230630.01.00
7.20230630.01.00
7.20230630.01.00
7.20230701
7.20230701
7.20230701
7.20230701
7.20230701.01.00
7.20230701.01.00
7.20230701.01.00
7.20230701.01.00
7.20230702
7.20230702
7.20230702
7.20230702
7.20230702.01.00
7.20230702.01.00
7.20230702.01.00
7.20230702.01.00
7.20230703
7.20230703
7.20230703
7.20230703
7.20230703.01.00
7.20230703.01.00
7.20230703.01.00
7.20230703.01.00
7.20230704
7.20230704
7.20230704
7.20230704
7.20230704.01.00
7.20230704.01.00
7.20230704.01.00
7.20230704.01.00
7.20230705
7.20230705
7.20230705
7.20230705
7.20230705.01.00
7.20230705.01.00
7.20230705.01.00
7.20230705.01.00
7.20230706
7.20230706
7.20230706
7.20230706
7.20230706.01.00
7.20230706.01.00
7.20230706.01.00
7.20230706.01.00
7.20230707
7.20230707
7.20230707
7.20230707
7.20230707.01.00
7.20230707.01.00
7.20230707.01.00
7.20230707.01.00
7.20230708
7.20230708
7.20230708
7.20230708
7.20230708.01.00
7.20230708.01.00
7.20230708.01.00
7.20230708.01.00
7.20230709
7.20230709
7.20230709
7.20230709
7.20230709.01.00
7.20230709.01.00
7.20230709.01.00
7.20230709.01.00
7.20230710
7.20230710
7.20230710
7.20230710
7.20230710.01.00
7.20230710.01.00
7.20230710.01.00
7.20230710.01.00
7.20230711
7.20230711
7.20230711
7.20230711
7.20230711.01.00
7.20230711.01.00
7.20230711.01.00
7.20230711.01.00
7.20230712
7.20230712
7.20230712
7.20230712
7.20230712.01.00
7.20230712.01.00
7.20230712.01.00
7.20230712.01.00
7.20230713
7.20230713
7.20230713
7.20230713
7.20230713.01.00
7.20230713.01.00
7.20230713.01.00
7.20230713.01.00
7.20230714
7.20230714
7.20230714
7.20230714
7.20230714.01.00
7.20230714.01.00
7.20230714.01.00
7.20230714.01.00
7.20230715
7.20230715
7.20230715
7.20230715
7.20230715.01.00
7.20230715.01.00
7.20230715.01.00
7.20230715.01.00
7.20230716
7.20230716
7.20230716
7.20230716
7.20230716.01.00
7.20230716.01.00
7.20230716.01.00
7.20230716.01.00
7.20230717
7.20230717
7.20230717
7.20230717
7.20230717.01.00
7.20230717.01.00
7.20230717.01.00
7.20230717.01.00
7.20230718
7.20230718
7.20230718
7.20230718
7.20230718.01.00
7.20230718.01.00
7.20230718.01.00
7.20230718.01.00
7.20230719
7.20230719
7.20230719
7.20230719
7.20230719.01.00
7.20230719.01.00
7.20230719.01.00
7.20230719.01.00
7.20230720
7.20230720
7.20230720
7.20230720
7.20230720.01.00
7.20230720.01.00
7.20230720.01.00
7.20230720.01.00
7.20230721
7.20230721
7.20230721
7.20230721
7.20230721.01.00
7.20230721.01.00
7.20230721.01.00
7.20230721.01.00
7.20230722
7.20230722
7.20230722
7.20230722
7.20230722.01.00
7.20230722.01.00
7.20230722.01.00
7.20230722.01.00
7.20230723
7.20230723
7.20230723
7.20230723
7.20230723.01.00
7.20230723.01.00
7.20230723.01.00
7.20230723.01.00
7.20230724
7.20230724
7.20230724
7.20230724
7.20230724.01.00
7.20230724.01.00
7.20230724.01.00
7.20230724.01.00
7.20230725
7.20230725
7.20230725
7.20230725
7.20230725.01.00
7.20230725.01.00
7.20230725.01.00
7.20230725.01.00
7.20230726
7.20230726
7.20230726
7.20230726
7.20230726.01.00
7.20230726.01.00
7.20230726.01.00
7.20230726.01.00
7.20230727
7.20230727
7.20230727
7.20230727
7.20230727.01.00
7.20230727.01.00
7.20230727.01.00
7.20230727.01.00
7.20230728
7.20230728
7.20230728
7.20230728
7.20230728.01.00
7.20230728.01.00
7.20230728.01.00
7.20230728.01.00
7.20230729
7.20230729
7.20230729
7.20230729
7.20230729.01.00
7.20230729.01.00
7.20230729.01.00
7.20230729.01.00
7.20230730
7.20230730
7.20230730
7.20230730
7.20230730.01.00
7.20230730.01.00
7.20230730.01.00
7.20230730.01.00
7.20230731
7.20230731
7.20230731
7.20230731
7.20230731.01.00
7.20230731.01.00
7.20230731.01.00
7.20230731.01.00
7.20230801
7.20230801
7.20230801
7.20230801
7.20230801.01.00
7.20230801.01.00
7.20230801.01.00
7.20230801.01.00
7.20230802
7.20230802
7.20230802
7.20230802
7.20230802.01.00
7.20230802.01.00
7.20230802.01.00
7.20230802.01.00
7.20230803
7.20230803
7.20230803
7.20230803
7.20230803.01.00
7.20230803.01.00
7.20230803.01.00
7.20230803.01.00
7.20230804
7.20230804
7.20230804
7.20230804
7.20230804.01.00
7.20230804.01.00
7.20230804.01.00
7.20230804.01.00
7.20230805
7.20230805
7.20230805
7.20230805
7.20230805.01.00
7.20230805.01.00
7.20230805.01.00
7.20230805.01.00
7.20230806
7.20230806
7.20230806
7.20230806
7.20230806.01.00
7.20230806.01.00
7.20230806.01.00
7.20230806.01.00
7.20230807
7.20230807
7.20230807
7.20230807
7.20230807.01.00
7.20230807.01.00
7.20230807.01.00
7.20230807.01.00
7.20230808
7.20230808
7.20230808
7.20230808
7.20230808.01.00
7.20230808.01.00
7.20230808.01.00
7.20230808.01.00
7.20230809
7.20230809
7.20230809
7.20230809
7.20230809.01.00
7.20230809.01.00
7.20230809.01.00
7.20230809.01.00
7.20230810
7.20230810
7.20230810
7.20230810
7.20230810.01.00
7.20230810.01.00
7.20230810.01.00
7.20230810.01.00
7.20230811
7.20230811
7.20230811
7.20230811
7.20230811.01.00
7.20230811.01.00
7.20230811.01.00
7.20230811.01.00
7.20230812
7.20230812
7.20230812
7.20230812
7.20230812.01.00
7.20230812.01.00
7.20230812.01.00
7.20230812.01.00
7.20230813
7.20230813
7.20230813
7.20230813
7.20230813.01.00
7.20230813.01.00
7.20230813.01.00
7.20230813.01.00
7.20230814
7.20230814
7.20230814
7.20230814
7.20230814.01.00
7.20230814.01.00
7.20230814.01.00
7.20230814.01.00
7.20230815
7.20230815
7.20230815
7.20230815
7.20230815.01.00
7.20230815.01.00
7.20230815.01.00
7.20230815.01.00
7.20230816
7.20230816
7.20230816
7.20230816
7.20230816.01.00
7.20230816.01.00
7.20230816.01.00
7.20230816.01.00
7.20230817
7.20230817
7.20230817
7.20230817
7.20230817.01.00
7.20230817.01.00
7.20230817.01.00
7.20230817.01.00
7.20230818
7.20230818
7.20230818
7.20230818
7.20230818.01.00
7.20230818.01.00
7.20230818.01.00
7.20230818.01.00
7.20230819
7.20230819
7.20230819
7.20230819
7.20230819.01.00
7.20230819.01.00
7.20230819.01.00
7.20230819.01.00
7.20230820
7.20230820
7.20230820
7.20230820
7.20230820.01.00
7.20230820.01.00
7.20230820.01.00
7.20230820.01.00
7.20230821
7.20230821
7.20230821
7.20230821
7.20230821.01.00
7.20230821.01.00
7.20230821.01.00
7.20230821.01.00
7.20230822
7.20230822
7.20230822
7.20230822
7.20230822.01.00
7.20230822.01.00
7.20230822.01.00
7.20230822.01.00
7.20230823
7.20230823
7.20230823
7.20230823
7.20230823.01.00
7.20230823.01.00
7.20230823.01.00
7.20230823.01.00
7.20230824
7.20230824
7.20230824
7.20230824
7.20230824.01.00
7.20230824.01.00
7.20230824.01.00
7.20230824.01.00
7.20230825
7.20230825
7.20230825
7.20230825
7.20230825.01.00
7.20230825.01.00
7.20230825.01.00
7.20230825.01.00
7.20230826
7.20230826
7.20230826
7.20230826
7.20230826.01.00
7.20230826.01.00
7.20230826.01.00
7.20230826.01.00
7.20230827
7.20230827
7.20230827
7.20230827
7.20230827.01.00
7.20230827.01.00
7.20230827.01.00
7.20230827.01.00
7.20230828
7.20230828
7.20230828
7.20230828
7.20230828.01.00
7.20230828.01.00
7.20230828.01.00
7.20230828.01.00
7.20230829
7.20230829
7.20230829
7.20230829
7.20230829.01.00
7.20230829.01.00
7.20230829.01.00
7.20230829.01.00
7.20230830
7.20230830
7.20230830
7.20230830
7.20230830.01.00
7.20230830.01.00
7.20230830.01.00
7.20230830.01.00
7.20230831
7.20230831
7.20230831
7.20230831
7.20230831.01.00
7.20230831.01.00
7.20230831.01.00
7.20230831.01.00
7.20230901
7.20230901
7.20230901
7.20230901
7.20230901.01.00
7.20230901.01.00
7.20230901.01.00
7.20230901.01.00
7.20230902
7.20230902
7.20230902
7.20230902
7.20230902.01.00
7.20230902.01.00
7.20230902.01.00
7.20230902.01.00
7.20230903
7.20230903
7.20230903
7.20230903
7.20230903.01.00
7.20230903.01.00
7.20230903.01.00
7.20230903.01.00
7.20230904
7.20230904
7.20230904
7.20230904
7.20230904.01.00
7.20230904.01.00
7.20230904.01.00
7.20230904.01.00
7.20230905
7.20230905
7.20230905
7.20230905
7.20230905.01.00
7.20230905.01.00
7.20230905.01.00
7.20230905.01.00
7.20230906
7.20230906
7.20230906
7.20230906
7.20230906.01.00
7.20230906.01.00
7.20230906.01.00
7.20230906.01.00
7.20230907
7.20230907
7.20230907
7.20230907
7.20230907.01.00
7.20230907.01.00
7.20230907.01.00
7.20230907.01.00
7.20230908
7.20230908
7.20230908
7.20230908
7.20230908.01.00
7.20230908.01.00
7.20230908.01.00
7.20230908.01.00
7.20230909
7.20230909
7.20230909
7.20230909
7.20230909.01.00
7.20230909.01.00
7.20230909.01.00
7.20230909.01.00
7.20230910
7.20230910
7.20230910
7.20230910
7.20230910.01.00
7.20230910.01.00
7.20230910.01.00
7.20230910.01.00
7.20230911
7.20230911
7.20230911
7.20230911
7.20230911.01.00
7.20230911.01.00
7.20230911.01.00
7.20230911.01.00
7.20230912
7.20230912
7.20230912
7.20230912
7.20230912.01.00
7.20230912.01.00
7.20230912.01.00
7.20230912.01.00
7.20230913
7.20230913
7.20230913
7.20230913
7.20230913.01.00
7.20230913.01.00
7.20230913.01.00
7.20230913.01.00
7.20230914
7.20230914
7.20230914
7.20230914
7.20230914.01.00
7.20230914.01.00
7.20230914.01.00
7.20230914.01.00
7.20230915
7.20230915
7.20230915
7.20230915
7.20230915.01.00
7.20230915.01.00
7.20230915.01.00
7.20230915.01.00
7.20230916
7.20230916
7.20230916
7.20230916
7.20230916.01.00
7.20230916.01.00
7.20230916.01.00
7.20230916.01.00
7.20230917
7.20230917
7.20230917
7.20230917
7.20230917.01.00
7.20230917.01.00
7.20230917.01.00
7.20230917.01.00
7.20230918
7.20230918
7.20230918
7.20230918
7.20230918.01.00
7.20230918.01.00
7.20230918.01.00
7.20230918.01.00
7.20230919
7.20230919
7.20230919
7.20230919
7.20230919.01.00
7.20230919.01.00
7.20230919.01.00
7.20230919.01.00
7.20230920
7.20230920
7.20230920
7.20230920
7.20230920.01.00
7.20230920.01.00
7.20230920.01.00
7.20230920.01.00
7.20230921
7.20230921
7.20230921
7.20230921
7.20230921.01.00
7.20230921.01.00
7.20230921.01.00
7.20230921.01.00
7.20230922
7.20230922
7.20230922
7.20230922
7.20230922.01.00
7.20230922.01.00
7.20230922.01.00
7.20230922.01.00
7.20230923
7.20230923
7.20230923
7.20230923
7.20230923.01.00
7.20230923.01.00
7.20230923.01.00
7.20230923.01.00
7.20230924
7.20230924
7.20230924
7.20230924
7.20230924.01.00
7.20230924.01.00
7.20230924.01.00
7.20230924.01.00
7.20230925
7.20230925
7.20230925
7.20230925
7.20230925.01.00
7.20230925.01.00
7.20230925.01.00
7.20230925.01.00
7.20230926
7.20230926
7.20230926
7.20230926
7.20230926.01.00
7.20230926.01.00
7.20230926.01.00
7.20230926.01.00
7.20230927
7.20230927
7.20230927
7.20230927
7.20230927.01.00
7.20230927.01.00
7.20230927.01.00
7.20230927.01.00
7.20230928
7.20230928
7.20230928
7.20230928
7.20230928.01.00
7.20230928.01.00
7.20230928.01.00
7.20230928.01.00
7.20230929
7.20230929
7.20230929
7.20230929
7.20230929.01.00
7.20230929.01.00
7.20230929.01.00
7.20230929.01.00
7.20230930
7.20230930
7.20230930
7.20230930
7.20230930.01.00
7.20230930.01.00
7.20230930.01.00
7.20230930.01.00
7.20231001
7.20231001
7.20231001
7.20231001
7.20231001.01.00
7.20231001.01.00
7.20231001.01.00
7.20231001.01.00
7.20231002
7.20231002
7.20231002
7.20231002
7.20231002.01.00
7.20231002.01.00
7.20231002.01.00
7.20231002.01.00
7.20231003
7.20231003
7.20231003
7.20231003
7.20231003.01.00
7.20231003.01.00
7.20231003.01.00
7.20231003.01.00
7.20231004
7.20231004
7.20231004
7.20231004
7.20231004.01.00
7.20231004.01.00
7.20231004.01.00
7.20231004.01.00
7.20231005
7.20231005
7.20231005
7.20231005
7.20231005.01.00
7.20231005.01.00
7.20231005.01.00
7.20231005.01.00
7.20231006
7.20231006
7.20231006
7.20231006
7.20231006.01.00
7.20231006.01.00
7.20231006.01.00
7.20231006.01.00
7.20231007
7.20231007
7.20231007
7.20231007
7.20231007.01.00
7.20231007.01.00
7.20231007.01.00
7.20231007.01.00
7.20231008
7.20231008
7.20231008
7.20231008
7.20231008.01.00
7.20231008.01.00
7.20231008.01.00
7.20231008.01.00
7.20231009
7.20231009
7.20231009
7.20231009
7.20231009.01.00
7.20231009.01.00
7.20231009.01.00
7.20231009.01.00
7.20231010
7.20231010
7.20231010
7.20231010
7.20231010.01.00
7.20231010.01.00
7.20231010.01.00
7.20231010.01.00
7.20231011
7.20231011
7.20231011
7.20231011
7.20231011.01.00
7.20231011.01.00
7.20231011.01.00
7.20231011.01.00
7.20231012
7.20231012
7.20231012
7.20231012
7.20231012.01.00
7.20231012.01.00
7.20231012.01.00
7.20231012.01.00
7.20231013
7.20231013
7.20231013
7.20231013
7.20231013.01.00
7.20231013.01.00
7.20231013.01.00
7.20231013.01.00
7.20231014
7.20231014
7.20231014
7.20231014
7.20231014.01.00
7.20231014.01.00
7.20231014.01.00
7.20231014.01.00
7.20231015
7.20231015
7.20231015
7.20231015
7.20231015.01.00
7.20231015.01.00
7.20231015.01.00
7.20231015.01.00
7.20231016
7.20231016
7.20231016
7.20231016
7.20231016.01.00
7.20231016.01.00
7.20231016.01.00
7.20231016.01.00
7.20231017
7.20231017
7.20231017
7.20231017
7.20231017.01.00
7.20231017.01.00
7.20231017.01.00
7.20231017.01.00
7.20231018
7.20231018
7.20231018
7.20231018
7.20231018.01.00
7.20231018.01.00
7.20231018.01.00
7.20231018.01.00
7.20231019
7.20231019
7.20231019
7.20231019
7.20231019.01.00
7.20231019.01.00
7.20231019.01.00
7.20231019.01.00
7.20231020
7.20231020
7.20231020
7.20231020
7.20231020.01.00
7.20231020.01.00
7.20231020.01.00
7.20231020.01.00
7.20231021
7.20231021
7.20231021
7.20231021
7.20231021.01.00
7.20231021.01.00
7.20231021.01.00
7.20231021.01.00
7.20231022
7.20231022
7.20231022
7.20231022
7.20231022.01.00
7.20231022.01.00
7.20231022.01.00
7.20231022.01.00
7.20231023
7.20231023
7.20231023
7.20231023
7.20231023.01.00
7.20231023.01.00
7.20231023.01.00
7.20231023.01.00
7.20231024
7.20231024
7.20231024
7.20231024
7.20231024.01.00
7.20231024.01.00
7.20231024.01.00
7.20231024.01.00
7.20231025
7.20231025
7.20231025
7.20231025
7.20231025.01.00
7.20231025.01.00
7.20231025.01.00
7.20231025.01.00
7.20231026
7.20231026
7.20231026
7.20231026
7.20231026.01.00
7.20231026.01.00
7.20231026.01.00
7.20231026.01.00
7.20231027
7.20231027
7.20231027
7.20231027
7.20231027.01.00
7.20231027.01.00
7.20231027.01.00
7.20231027.01.00
7.20231028
7.20231028
7.20231028
7.20231028
7.20231028.01.00
7.20231028.01.00
7.20231028.01.00
7.20231028.01.00
7.20231029
7.20231029
7.20231029
7.20231029
7.20231029.01.00
7.20231029.01.00
7.20231029.01.00
7.20231029.01.00
7.20231030
7.20231030
7.20231030
7.20231030
7.20231030.01.00
7.20231030.01.00
7.20231030.01.00
7.20231030.01.00
7.20231031
7.20231031
7.20231031
7.20231031
7.20231031.01.00
7.20231031.01.00
7.20231031.01.00
7.20231031.01.00
7.20231101
7.20231101
7.20231101
7.20231101
7.20231101.01.00
7.20231101.01.00
7.20231101.01.00
7.20231101.01.00
7.20231102
7.20231102
7.20231102
7.20231102
7.20231102.01.00
7.20231102.01.00
7.20231102.01.00
7.20231102.01.00
7.20231103
7.20231103
7.20231103
7.20231103
7.20231103.01.00
7.20231103.01.00
7.20231103.01.00
7.20231103.01.00
7.20231104
7.20231104
7.20231104
7.20231104
7.20231104.01.00
7.20231104.01.00
7.20231104.01.00
7.20231104.01.00
7.20231105
7.20231105
7.20231105
7.20231105
7.20231105.01.00
7.20231105.01.00
7.20231105.01.00
7.20231105.01.00
7.20231106
7.20231106
7.20231106
7.20231106
7.20231106.01.00
7.20231106.01.00
7.20231106.01.00
7.20231106.01.00
7.20231107
7.20231107
7.20231107
7.20231107
7.20231107.01.00
7.20231107.01.00
7.20231107.01.00
7.20231107.01.00
7.20231108
7.20231108
7.20231108
7.20231108
7.20231108.01.00
7.20231108.01.00
7.20231108.01.00
7.20231108.01.00
7.20231109
7.20231109
7.20231109
7.20231109
7.20231109.01.00
7.20231109.01.00
7.20231109.01.00
7.20231109.01.00
7.20231110
7.20231110
7.20231110
7.20231110
7.20231110.01.00
7.20231110.01.00
7.20231110.01.00
7.20231110.01.00
7.20231111
7.20231111
7.20231111
7.20231111
7.20231111.01.00
7.20231111.01.00
7.20231111.01.00
7.20231111.01.00
7.20231112
7.20231112
7.20231112
7.20231112
7.20231112.01.00
7.20231112.01.00
7.20231112.01.00
7.20231112.01.00
7.20231113
7.20231113
7.20231113
7.20231113
7.20231113.01.00
7.20231113.01.00
7.20231113.01.00
7.20231113.01.00
7.20231114
7.20231114
7.20231114
7.20231114
7.20231114.01.00
7.20231114.01.00
7.20231114.01.00
7.20231114.01.00
7.20231115
7.20231115
7.20231115
7.20231115
7.20231115.01.00
7.20231115.01.00
7.20231115.01.00
7.20231115.01.00
7.20231116
7.20231116
7.20231116
7.20231116
7.20231116.01.00
7.20231116.01.00
7.20231116.01.00
7.20231116.01.00
7.20231117
7.20231117
7.20231117
7.20231117
7.20231117.01.00
7.20231117.01.00
7.20231117.01.00
7.20231117.01.00
7.20231118
7.20231118
7.20231118
7.20231118
7.20231118.01.00
7.20231118.01.00
7.20231118.01.00
7.20231118.01.00
7.20231119
7.20231119
7.20231119
7.20231119
7.20231119.01.00
7.20231119.01.00
7.20231119.01.00
7.20231119.01.00
7.20231120
7.20231120
7.20231120
7.20231120
7.20231120.01.00
7.20231120.01.00
7.20231120.01.00
7.20231120.01.00
7.20231121
7.20231121
7.20231121
7.20231121
7.20231121.01.00
7.20231121.01.00
7.20231121.01.00
7.20231121.01.00
7.20231122
7.20231122
7.20231122
7.20231122
7.20231122.01.00
7.20231122.01.00
7.20231122.01.00
7.20231122.01.00
7.20231123
7.20231123
7.20231123
7.20231123
7.20231123.01.00
7.20231123.01.00
7.20231123.01.00
7.20231123.01.00
7.20231124
7.20231124
7.20231124
7.20231124
7.20231124.01.00
7.20231124.01.00
7.20231124.01.00
7.20231124.01.00
7.20231125
7.20231125
7.20231125
7.20231125
7.20231125.01.00
7.20231125.01.00
7.20231125.01.00
7.20231125.01.00
7.20231126
7.20231126
7.20231126
7.20231126
7.20231126.01.00
7.20231126.01.00
7.20231126.01.00
7.20231126.01.00
7.20231127
7.20231127
7.20231127
7.20231127
7.20231127.01.00
7.20231127.01.00
7.20231127.01.00
7.20231127.01.00
7.20231128
7.20231128
7.20231128
7.20231128
7.20231128.01.00
7.20231128.01.00
7.20231128.01.00
7.20231128.01.00
7.20231129
7.20231129
7.20231129
7.20231129
7.20231129.01.00
7.20231129.01.00
7.20231129.01.00
7.20231129.01.00
7.20231130
7.20231130
7.20231130
7.20231130
7.20231130.01.00
7.20231130.01.00
7.20231130.01.00
7.20231130.01.00
7.20231201
7.20231201
7.20231201
7.20231201
7.20231201.01.00
7.20231201.01.00
7.20231201.01.00
7.20231201.01.00
7.20231202
7.20231202
7.20231202
7.20231202
7.20231202.01.00
7.20231202.01.00
7.20231202.01.00
7.20231202.01.00
7.20231203
7.20231203
7.20231203
7.20231203
7.20231203.01.00
7.20231203.01.00
7.20231203.01.00
7.20231203.01.00
7.20231204
7.20231204
7.20231204
7.20231204
7.20231204.01.00
7.20231204.01.00
7.20231204.01.00
7.20231204.01.00
7.20231205
7.20231205
7.20231205
7.20231205
7.20231205.01.00
7.20231205.01.00
7.20231205.01.00
7.20231205.01.00
7.20231206
7.20231206
7.20231206
7.20231206
7.20231206.01.00
7.20231206.01.00
7.20231206.01.00
7.20231206.01.00
7.20231207
7.20231207
7.20231207
7.20231207
7.20231207.01.00
7.20231207.01.00
7.20231207.01.00
7.20231207.01.00
7.20231208
7.20231208
7.20231208
7.20231208
7.20231208.01.00
7.20231208.01.00
7.20231208.01.00
7.20231208.01.00
7.20231209
7.20231209
7.20231209
7.20231209
7.20231209.01.00
7.20231209.01.00
7.20231209.01.00
7.20231209.01.00
7.20231210
7.20231210
7.20231210
7.20231210
7.20231210.01.00
7.20231210.01.00
7.20231210.01.00
7.20231210.01.00
7.20231211
7.20231211
7.20231211
7.20231211
7.20231211.01.00
7.20231211.01.00
7.20231211.01.00
7.20231211.01.00
7.20231212
7.20231212
7.20231212
7.20231212
7.20231212.01.00
7.20231212.01.00
7.20231212.01.00
7.20231212.01.00
7.20231213
7.20231213
7.20231213
7.20231213
7.20231213.01.00
7.20231213.01.00
7.20231213.01.00
7.20231213.01.00
7.20231214
7.20231214
7.20231214
7.20231214
7.20231214.01.00
7.20231214.01.00
7.20231214.01.00
7.20231214.01.00
7.20231215
7.20231215
7.20231215
7.20231215
7.20231215.01.00
7.20231215.01.00
7.20231215.01.00
7.20231215.01.00
7.20231216
7.20231216
7.20231216
7.20231216
7.20231216.01.00
7.20231216.01.00
7.20231216.01.00
7.20231216.01.00
7.20231217
7.20231217
7.20231217
7.20231217
7.20231217.01.00
7.20231217.01.00
7.20231217.01.00
7.20231217.01.00
7.20231218
7.20231218
7.20231218
7.20231218
7.20231218.01.00
7.20231218.01.00
7.20231218.01.00
7.20231218.01.00
7.20231219
7.20231219
7.20231219
7.20231219
7.20231219.01.00
7.20231219.01.00
7.20231219.01.00
7.20231219.01.00
7.20231220
7.20231220
7.20231220
7.20231220
7.20231220.01.00
7.20231220.01.00
7.20231220.01.00
7.20231220.01.00
7.20231221
7.20231221
7.20231221
7.20231221
7.20231221.01.00
7.20231221.01.00
7.20231221.01.00
7.20231221.01.00
7.20231222
7.20231222
7.20231222
7.20231222
7.20231222.01.00
7.20231222.01.00
7.20231222.01.00
7.20231222.01.00
7.20231223
7.20231223
7.20231223
7.20231223
7.20231223.01.00
7.20231223.01.00
7.20231223.01.00
7.20231223.01.00
7.20231224
7.20231224
7.20231224
7.20231224
7.20231224.01.00
7.20231224.01.00
7.20231224.01.00
7.20231224.01.00
7.20231225
7.20231225
7.20231225
7.20231225
7.20231225.01.00
7.20231225.01.00
7.20231225.01.00
7.20231225.01.00
7.20231226
7.20231226
7.20231226
7.20231226
7.20231226.01.00
7.20231226.01.00
7.20231226.01.00
7.20231226.01.00
7.20231227
7.20231227
7.20231227
7.20231227
7.20231227.01.00
7.20231227.01.00
7.20231227.01.00
7.20231227.01.00
7.20231228
7.20231228
7.20231228
7.20231228
7.20231228.01.00
7.20231228.01.00
7.20231228.01.00
7.20231228.01.00
7.20231229
7.20231229
7.20231229
7.20231229
7.20231229.01.00
7.20231229.01.00
7.20231229.01.00
7.20231229.01.00
7.20231230
7.20231230
7.20231230
7.20231230
7.20231230.01.00
7.20231230.01.00
7.20231230.01.00
7.20231230.01.00
7.20231231
7.20231231
7.20231231
7.20231231
7.20231231.01.00
7.20231231.01.00
7.20231231.01.00
7.20231231.01.00
7.20240101
7.20240101
7.20240101
7.20240101
7.20240101.01.00
7.20240101.01.00
7.20240101.01.00
7.20240101.01.00
7.20240102
7.20240102
7.20240102
7.20240102
7.20240102.01.00
7.20240102.01.00
7.20240102.01.00
7.20240102.01.00
7.20240103
7.20240103
7.20240103
7.20240103
7.20240103.01.00
7.20240103.01.00
7.20240103.01.00
7.20240103.01.00
7.20240104
7.20240104
7.20240104
7.20240104
7.20240104.01.00
7.20240104.01.00
7.20240104.01.00
7.20240104.01.00
7.20240105
7.20240105
7.20240105
7.20240105
7.20240105.01.00
7.20240105.01.00
7.20240105.01.00
7.20240105.01.00
7.20240106
7.20240106
7.20240106
7.20240106
7.20240106.01.00
7.20240106.01.00
7.20240106.01.00
7.20240106.01.00
7.20240107
7.20240107
7.20240107
7.20240107
7.20240107.01.00
7.20240107.01.00
7.20240107.01.00
7.20240107.01.00
7.20240108
7.20240108
7.20240108
7.20240108
7.20240108.01.00
7.20240108.01.00
7.20240108.01.00
7.20240108.01.00
7.20240109
7.20240109
7.20240109
7.20240109
7.20240109.01.00
7.20240109.01.00
7.20240109.01.00
7.20240109.01.00
7.20240110
7.20240110
7.20240110
7.20240110
7.20240110.01.00
7.20240110.01.00
7.20240110.01.00
7.20240110.01.00
7.20240111
7.20240111
7.20240111
7.20240111
7.20240111.01.00
7.20240111.01.00
7.20240111.01.00
7.20240111.01.00
7.20240112
7.20240112
7.20240112
7.20240112
7.20240112.01.00
7.20240112.01.00
7.20240112.01.00
7.20240112.01.00
7.20240113
7.20240113
7.20240113
7.20240113
7.20240113.01.00
7.20240113.01.00
7.20240113.01.00
7.20240113.01.00
7.20240114
7.20240114
7.20240114
7.20240114
7.20240114.01.00
7.20240114.01.00
7.20240114.01.00
7.20240114.01.00
7.20240115
7.20240115
7.20240115
7.20240115
7.20240115.01.00
7.20240115.01.00
7.20240115.01.00
7.20240115.01.00
7.20240116
7.20240116
7.20240116
7.20240116
7.20240116.01.00
7.20240116.01.00
7.20240116.01.00
7.20240116.01.00
7.20240117
7.20240117
7.20240117
7.20240117
7.20240117.01.00
7.20240117.01.00
7.20240117.01.00
7.20240117.01.00
7.20240118
7.20240118
7.20240118
7.20240118
7.20240118.01.00
7.20240118.01.00
7.20240118.01.00
7.20240118.01.00
7.20240119
7.20240119
7.20240119
7.20240119
7.20240119.01.00
7.20240119.01.00
7.20240119.01.00
7.20240119.01.00
7.20240120
7.20240120
7.20240120
7.20240120
7.20240120.01.00
7.20240120.01.00
7.20240120.01.00
7.20240120.01.00
7.20240121
7.20240121
7.20240121
7.20240121
7.20240121.01.00
7.20240121.01.00
7.20240121.01.00
7.20240121.01.00
7.20240122
7.20240122
7.20240122
7.20240122
7.20240122.01.00
7.20240122.01.00
7.20240122.01.00
7.20240122.01.00
7.20240123
7.20240123
7.20240123
7.20240123
7.20240123.01.00
7.20240123.01.00
7.20240123.01.00
7.20240123.01.00
7.20240124
7.20240124
7.20240124
7.20240124
7.20240124.01.00
7.20240124.01.00
7.20240124.01.00
7.20240124.01.00
7.20240125
7.20240125
7.20240125
7.20240125
7.20240125.01.00
7.20240125.01.00
7.20240125.01.00
7.20240125.01.00
7.20240126
7.20240126
7.20240126
7.20240126
7.20240126.01.00
7.20240126.01.00
7.20240126.01.00
7.20240126.01.00
7.20240127
7.20240127
7.20240127
7.20240127
7.20240127.01.00
7.20240127.01.00
7.20240127.01.00
7.20240127.01.00
7.20240128
7.20240128
7.20240128
7.20240128
7.20240128.01.00
7.20240128.01.00
7.20240128.01.00
7.20240128.01.00
7.20240129
7.20240129
7.20240129
7.20240129
7.20240129.01.00
7.20240129.01.00
7.20240129.01.00
7.20240129.01.00
7.20240130
7.20240130
7.20240130
7.20240130
7.20240130.01.00
7.20240130.01.00
7.20240130.01.00
7.20240130.01.00
7.20240131
7.20240131
7.20240131
7.20240131
7.20240131.01.00
7.20240131.01.00
7.20240131.01.00
7.20240131.01.00
7.20240201
7.20240201
7.20240201
7.20240201
7.20240201.01.00
7.20240201.01.00
7.20240201.01.00
7.20240201.01.00
7.20240202
7.20240202
7.20240202
7.20240202
7.20240202.01.00
7.20240202.01.00
7.20240202.01.00
7.20240202.01.00
7.20240203
7.20240203
7.20240203
7.20240203
7.20240203.01.00
7.20240203.01.00
7.20240203.01.00
7.20240203.01.00
7.20240204
7.20240204
7.20240204
7.20240204
7.20240204.01.00
7.20240204.01.00
7.20240204.01.00
7.20240204.01.00
7.20240205
7.20240205
7.20240205
7.20240205
7.20240205.01.00
7.20240205.01.00
7.20240205.01.00
7.20240205.01.00
7.20240206
7.20240206
7.20240206
7.20240206
7.20240206.01.00
7.20240206.01.00
7.20240206.01.00
7.20240206.01.00
7.20240207
7.20240207
7.20240207
7.20240207
7.20240207.01.00
7.20240207.01.00
7.20240207.01.00
7.20240207.01.00
7.20240208
7.20240208
7.20240208
7.20240208
7.20240208.01.00
7.20240208.01.00
7.20240208.01.00
7.20240208.01.00
7.20240209
7.20240209
7.20240209
7.20240209
7.20240209.01.00
7.20240209.01.00
7.20240209.01.00
7.20240209.01.00
7.20240210
7.20240210
7.20240210
7.20240210
7.20240210.01.00
7.20240210.01.00
7.20240210.01.00
7.20240210.01.00
7.20240211
7.20240211
7.20240211
7.20240211
7.20240211.01.00
7.20240211.01.00
7.20240211.01.00
7.20240211.01.00
7.20240212
7.20240212
7.20240212
7.20240212
7.20240212.01.00
7.20240212.01.00
7.20240212.01.00
7.20240212.01.00
7.20240213
7.20240213
7.20240213
7.20240213
7.20240213.01.00
7.20240213.01.00
7.20240213.01.00
7.20240213.01.00
7.20240214
7.20240214
7.20240214
7.20240214
7.20240214.01.00
7.20240214.01.00
7.20240214.01.00
7.20240214.01.00
7.20240215
7.20240215
7.20240215
7.20240215
7.20240215.01.00
7.20240215.01.00
7.20240215.01.00
7.20240215.01.00
7.20240216
7.20240216
7.20240216
7.20240216
7.20240216.01.00
7.20240216.01.00
7.20240216.01.00
7.20240216.01.00
7.20240217
7.20240217
7.20240217
7.20240217
7.20240217.01.00
7.20240217.01.00
7.20240217.01.00
7.20240217.01.00
7.20240218
7.20240218
7.20240218
7.20240218
7.20240218.01.00
7.20240218.01.00
7.20240218.01.00
7.20240218.01.00
7.20240219
7.20240219
7.20240219
7.20240219
7.20240219.01.00
7.20240219.01.00
7.20240219.01.00
7.20240219.01.00
7.20240220
7.20240220
7.20240220
7.20240220
7.20240220.01.00
7.20240220.01.00
7.20240220.01.00
7.20240220.01.00
7.20240221
7.20240221
7.20240221
7.20240221
7.20240221.01.00
7.20240221.01.00
7.20240221.01.00
7.20240221.01.00
7.20240222
7.20240222
7.20240222
7.20240222
7.20240222.01.00
7.20240222.01.00
7.20240222.01.00
7.20240222.01.00
7.20240223
7.20240223
7.20240223
7.20240223
7.20240223.01.00
7.20240223.01.00
7.20240223.01.00
7.20240223.01.00
7.20240224
7.20240224
7.20240224
7.20240224
7.20240224.01.00
7.20240224.01.00
7.20240224.01.00
7.20240224.01.00
7.20240225
7.20240225
7.20240225
7.20240225
7.20240225.01.00
7.20240225.01.00
7.20240225.01.00
7.20240225.01.00
7.20240226
7.20240226
7.20240226
7.20240226
7.20240226.01.00
7.20240226.01.00
7.20240226.01.00
7.20240226.01.00
7.20240227
7.20240227
7.20240227
7.20240227
7.20240227.01.00
7.20240227.01.00
7.20240227.01.00
7.20240227.01.00
7.20240228
7.20240228
7.20240228
7.20240228
7.20240228.01.00
7.20240228.01.00
7.20240228.01.00
7.20240228.01.00
7.20240229
7.20240229
7.20240229
7.20240229
7.20240229.01.00
7.20240229.01.00
7.20240229.01.00
7.20240229.01.00
7.20240301
7.20240301
7.20240301
7.20240301
7.20240301.01.00
7.20240301.01.00
7.20240301.01.00
7.20240301.01.00
7.20240302
7.20240302
7.20240302
7.20240302
7.20240302.01.00
7.20240302.01.00
7.20240302.01.00
7.20240302.01.00
7.20240303
7.20240303
7.20240303
7.20240303
7.20240303.01.00
7.20240303.01.00
7.20240303.01.00
7.20240303.01.00
7.20240304
7.20240304
7.20240304
7.20240304
7.20240304.01.00
7.20240304.01.00
7.20240304.01.00
7.20240304.01.00
7.20240305
7.20240305
7.20240305
7.20240305
7.20240305.01.00
7.20240305.01.00
7.20240305.01.00
7.20240305.01.00
7.20240306
7.20240306
7.20240306
7.20240306
7.20240306.01.00
7.20240306.01.00
7.20240306.01.00
7.20240306.01.00
7.20240307
7.20240307
7.20240307
7.20240307
7.20240307.01.00
7.20240307.01.00
7.20240307.01.00
7.20240307.01.00
7.20240308
7.20240308
7.20240308
7.20240308
7.20240308.01.00
7.20240308.01.00
7.20240308.01.00
7.20240308.01.00
7.20240309
7.20240309
7.20240309
7.20240309
7.20240309.01.00
7.20240309.01.00
7.20240309.01.00
7.20240309.01.00
7.20240310
7.20240310
7.20240310
7.20240310
7.20240310.01.00
7.20240310.01.00
7.20240310.01.00
7.20240310.01.00
7.20240311
7.20240311
7.20240311
7.20240311
7.20240311.01.00
7.20240311.01.00
7.20240311.01.00
7.20240311.01.00
7.20240312
7.20240312
7.20240312
7.20240312
7.20240312.01.00
7.20240312.01.00
7.20240312.01.00
7.20240312.01.00
7.20240313
7.20240313
7.20240313
7.20240313
7.20240313.01.00
7.20240313.01.00
7.20240313.01.00
7.20240313.01.00
7.20240314
7.20240314
7.20240314
7.20240314
7.20240314.01.00
7.20240314.01.00
7.20240314.01.00
7.20240314.01.00
7.20240315
7.20240315
7.20240315
7.20240315
7.20240315.01.00
7.20240315.01.00
7.20240315.01.00
7.20240315.01.00
7.20240316
7.20240316
7.20240316
7.20240316
7.20240316.01.00
7.20240316.01.00
7.20240316.01.00
7.20240316.01.00
7.20240317
7.20240317
7.20240317
7.20240317
7.20240317.01.00
7.20240317.01.00
7.20240317.01.00
7.20240317.01.00
7.20240318
7.20240318
7.20240318
7.20240318
7.20240318.01.00
7.20240318.01.00
7.20240318.01.00
7.20240318.01.00
7.20240319
7.20240319
7.20240319
7.20240319
7.20240319.01.00
7.20240319.01.00
7.20240319.01.00
7.20240319.01.00
7.20240320
7.20240320
7.20240320
7.20240320
7.20240320.01.00
7.20240320.01.00
7.20240320.01.00
7.20240320.01.00
7.20240321
7.20240321
7.20240321
7.20240321
7.20240321.01.00
7.20240321.01.00
7.20240321.01.00
7.20240321.01.00
7.20240322
7.20240322
7.20240322
7.20240322
7.20240322.01.00
7.20240322.01.00
7.20240322.01.00
7.20240322.01.00
7.20240323
7.20240323
7.20240323
7.20240323
7.20240323.01.00
7.20240323.01.00
7.20240323.01.00
7.20240323.01.00
7.20240324
7.20240324
7.20240324
7.20240324
7.20240324.01.00
7.20240324.01.00
7.20240324.01.00
7.20240324.01.00
7.20240325
7.20240325
7.20240325
7.20240325
7.20240325.01.00
7.20240325.01.00
7.20240325.01.00
7.20240325.01.00
7.20240326
7.20240326
7.20240326
7.20240326
7.20240326.01.00
7.20240326.01.00
7.20240326.01.00
7.20240326.01.00
7.20240327
7.20240327
7.20240327
7.20240327
7.20240327.01.00
7.20240327.01.00
7.20240327.01.00
7.20240327.01.00
7.20240328
7.20240328
7.20240328
7.20240328
7.20240328.01.00
7.20240328.01.00
7.20240328.01.00
7.20240328.01.00
7.20240329
7.20240329
7.20240329
7.20240329
7.20240329.01.00
7.20240329.01.00
7.20240329.01.00
7.20240329.01.00
7.20240330
7.20240330
7.20240330
7.20240330
7.20240330.01.00
7.20240330.01.00
7.20240330.01.00
7.20240330.01.00
7.20240331
7.20240331
7.20240331
7.20240331
7.20240331.01.00
7.20240331.01.00
7.20240331.01.00
7.20240331.01.00
7.20240401
7.20240401
7.20240401
7.20240401
7.20240401.01.00
7.20240401.01.00
7.20240401.01.00
7.20240401.01.00
7.20240402
7.20240402
7.20240402
7.20240402
7.20240402.01.00
7.20240402.01.00
7.20240402.01.00
7.20240402.01.00
7.20240403
7.20240403
7.20240403
7.20240403
7.20240403.01.00
7.20240403.01.00
7.20240403.01.00
7.20240403.01.00
7.20240404
7.20240404
7.20240404
7.20240404
7.20240404.01.00
7.20240404.01.00
7.20240404.01.00
7.20240404.01.00
7.20240405
7.20240405
7.20240405
7.20240405
7.20240405.01.00
7.20240405.01.00
7.20240405.01.00
7.20240405.01.00
7.20240406
7.20240406
7.20240406
7.20240406
7.20240406.01.00
7.20240406.01.00
7.20240406.01.00
7.20240406.01.00
7.20240407
7.20240407
7.20240407
7.20240407
7.20240407.01.00
7.20240407.01.00
7.20240407.01.00
7.20240407.01.00
7.20240408
7.20240408
7.20240408
7.20240408
7.20240408.01.00
7.20240408.01.00
7.20240408.01.00
7.20240408.01.00
7.20240409
7.20240409
7.20240409
7.20240409
7.20240409.01.00
7.20240409.01.00
7.20240409.01.00
7.20240409.01.00
7.20240410
7.20240410
7.20240410
7.20240410
7.20240410.01.00
7.20240410.01.00
7.20240410.01.00
7.20240410.01.00
7.20240411
7.20240411
7.20240411
7.20240411
7.20240411.01.00
7.20240411.01.00
7.20240411.01.00
7.20240411.01.00
7.20240412
7.20240412
7.20240412
7.20240412
7.20240412.01.00
7.20240412.01.00
7.20240412.01.00
7.20240412.01.00
7.20240413
7.20240413
7.20240413
7.20240413
7.20240413.01.00
7.20240413.01.00
7.20240413.01.00
7.20240413.01.00
7.20240414
7.20240414
7.20240414
7.20240414
7.20240414.01.00
7.20240414.01.00
7.20240414.01.00
7.20240414.01.00
7.20240415
7.20240415
7.20240415
7.20240415
7.20240415.01.00
7.20240415.01.00
7.20240415.01.00
7.20240415.01.00
7.20240416
7.20240416
7.20240416
7.20240416
7.20240416.01.00
7.20240416.01.00
7.20240416.01.00
7.20240416.01.00
7.20240417
7.20240417
7.20240417
7.20240417
7.20240417.01.00
7.20240417.01.00
7.20240417.01.00
7.20240417.01.00
7.20240418
7.20240418
7.20240418
7.20240418
7.20240418.01.00
7.20240418.01.00
7.20240418.01.00
7.20240418.01.00
7.20240419
7.20240419
7.20240419
7.20240419
7.20240419.01.00
7.20240419.01.00
7.20240419.01.00
7.20240419.01.00
7.20240420
7.20240420
7.20240420
7.20240420
7.20240420.01.00
7.20240420.01.00
7.20240420.01.00
7.20240420.01.00
7.20240421
7.20240421
7.20240421
7.20240421
7.20240421.01.00
7.20240421.01.00
7.20240421.01.00
7.20240421.01.00
7.20240422
7.20240422
7.20240422
7.20240422
7.20240422.01.00
7.20240422.01.00
7.20240422.01.00
7.20240422.01.00
7.20240423
7.20240423
7.20240423
7.20240423
7.20240423.01.00
7.20240423.01.00
7.20240423.01.00
7.20240423.01.00
7.20240424
7.20240424
7.20240424
7.20240424
7.20240424.01.00
7.20240424.01.00
7.20240424.01.00
7.20240424.01.00
7.20240425
7.20240425
7.20240425
7.20240425
7.20240425.01.00
7.20240425.01.00
7.20240425.01.00
7.20240425.01.00
7.20240426
7.20240426
7.20240426
7.20240426
7.20240426.01.00
7.20240426.01.00
7.20240426.01.00
7.20240426.01.00
7.20240427
7.20240427
7.20240427
7.20240427
7.20240427.01.00
7.20240427.01.00
7.20240427.01.00
7.20240427.01.00
7.20240428
7.20240428
7.20240428
7.20240428
7.20240428.01.00
7.20240428.01.00
7.20240428.01.00
7.20240428.01.00
7.20240429
7.20240429
7.20240429
7.20240429
7.20240429.01.00
7.20240429.01.00
7.20240429.01.00
7.20240429.01.00
7.20240430
7.20240430
7.20240430
7.20240430
7.20240430.01.00
7.20240430.01.00
7.20240430.01.00
7.20240430.01.00
7.20240501
7.20240501
7.20240501
7.20240501
7.20240501.01.00
7.20240501.01.00
7.20240501.01.00
7.20240501.01.00
7.20240502
7.20240502
7.20240502
7.20240502
7.20240502.01.00
7.20240502.01.00
7.20240502.01.00
7.20240502.01.00
7.20240503
7.20240503
7.20240503
7.20240503
7.20240503.01.00
7.20240503.01.00
7.20240503.01.00
7.20240503.01.00
7.20240504
7.20240504
7.20240504
7.20240504
7.20240504.01.00
7.20240504.01.00
7.20240504.01.00
7.20240504.01.00
7.20240505
7.20240505
7.20240505
7.20240505
7.20240505.01.00
7.20240505.01.00
7.20240505.01.00
7.20240505.01.00
7.20240506
7.20240506
7.20240506
7.20240506
7.20240506.01.00
7.20240506.01.00
7.20240506.01.00
7.20240506.01.00
7.20240507
7.20240507
7.20240507
7.20240507
7.20240507.01.00
7.20240507.01.00
7.20240507.01.00
7.20240507.01.00
7.20240508
7.20240508
7.20240508
7.20240508
7.20240508.01.00
7.20240508.01.00
7.20240508.01.00
7.20240508.01.00
7.20240509
7.20240509
7.20240509
7.20240509
7.20240509.01.00
7.20240509.01.00
7.20240509.01.00
7.20240509.01.00
7.20240510
7.20240510
7.20240510
7.20240510
7.20240510.01.00
7.20240510.01.00
7.20240510.01.00
7.20240510.01.00
7.20240511
7.20240511
7.20240511
7.20240511
7.20240511.01.00
7.20240511.01.00
7.20240511.01.00
7.20240511.01.00
7.20240512
7.20240512
7.20240512
7.20240512
7.20240512.01.00
7.20240512.01.00
7.20240512.01.00
7.20240512.01.00
7.20240513
7.20240513
7.20240513
7.20240513
7.20240513.01.00
7.20240513.01.00
7.20240513.01.00
7.20240513.01.00
7.20240514
7.20240514
7.20240514
7.20240514
7.20240514.01.00
7.20240514.01.00
7.20240514.01.00
7.20240514.01.00
7.20240515
7.20240515
7.20240515
7.20240515
7.20240515.01.00
7.20240515.01.00
7.20240515.01.00
7.20240515.01.00
7.20240516
7.20240516
7.20240516
7.20240516
7.20240516.01.00
7.20240516.01.00
7.20240516.01.00
7.20240516.01.00
7.20240517
7.20240517
7.20240517
7.20240517
7.20240517.01.00
7.20240517.01.00
7.20240517.01.00
7.20240517.01.00
7.20240518
7.20240518
7.20240518
7.20240518
7.20240518.01.00
7.20240518.01.00
7.20240518.01.00
7.20240518.01.00
7.20240519
7.20240519
7.20240519
7.20240519
7.20240519.01.00
7.20240519.01.00
7.20240519.01.00
7.20240519.01.00
7.20240520
7.20240520
7.20240520
7.20240520
7.20240520.01.00
7.20240520.01.00
7.20240520.01.00
7.20240520.01.00
7.20240521
7.20240521
7.20240521
7.20240521
7.20240521.01.00
7.20240521.01.00
7.20240521.01.00
7.20240521.01.00
7.20240522
7.20240522
7.20240522
7.20240522
7.20240522.01.00
7.20240522.01.00
7.20240522.01.00
7.20240522.01.00
7.20240523
7.20240523
7.20240523
7.20240523
7.20240523.01.00
7.20240523.01.00
7.20240523.01.00
7.20240523.01.00
7.20240524
7.20240524
7.20240524
7.20240524
7.20240524.01.00
7.20240524.01.00
7.20240524.01.00
7.20240524.01.00
7.20240525
7.20240525
7.20240525
7.20240525
7.20240525.01.00
7.20240525.01.00
7.20240525.01.00
7.20240525.01.00
7.20240526
7.20240526
7.20240526
7.20240526
7.20240526.01.00
7.20240526.01.00
7.20240526.01.00
7.20240526.01.00
7.20240527
7.20240527
7.20240527
7.20240527
7.20240527.01.00
7.20240527.01.00
7.20240527.01.00
7.20240527.01.00
7.20240528
7.20240528
7.20240528
7.20240528
7.20240528.01.00
7.20240528.01.00
7.20240528.01.00
7.20240528.01.00
7.20240529
7.20240529
7.20240529
7.20240529
7.20240529.01.00
7.20240529.01.00
7.20240529.01.00
7.20240529.01.00
7.20240530
7.20240530
7.20240530
7.20240530
7.20240530.01.00
7.20240530.01.00
7.20240530.01.00
7.20240530.01.00
7.20240531
7.20240531
7.20240531
7.20240531
7.20240531.01.00
7.20240531.01.00
7.20240531.01.00
7.20240531.01.00
7.20240601
7.20240601
7.20240601
7.20240601
7.20240601.01.00
7.20240601.01.00
7.20240601.01.00
7.20240601.01.00
7.20240602
7.20240602
7.20240602
7.20240602
7.20240602.01.00
7.20240602.01.00
7.20240602.01.00
7.20240602.01.00
7.20240603
7.20240603
7.20240603
7.20240603
7.20240603.01.00
7.20240603.01.00
7.20240603.01.00
7.20240603.01.00
7.20240604
7.20240604
7.20240604
7.20240604
7.20240604.01.00
7.20240604.01.00
7.20240604.01.00
7.20240604.01.00
7.20240605
7.20240605
7.20240605
7.20240605
7.20240605.01.00
7.20240605.01.00
7.20240605.01.00
7.20240605.01.00
7.20240606
7.20240606
7.20240606
7.20240606
7.20240606.01.00
7.20240606.01.00
7.20240606.01.00
7.20240606.01.00
7.20240607
7.20240607
7.20240607
7.20240607
7.20240607.01.00
7.20240607.01.00
7.20240607.01.00
7.20240607.01.00
7.20240608
7.20240608
7.20240608
7.20240608
7.20240608.01.00
7.20240608.01.00
7.20240608.01.00
7.20240608.01.00
7.20240609
7.20240609
7.20240609
7.20240609
7.20240609.01.00
7.20240609.01.00
7.20240609.01.00
7.20240609.01.00
7.20240610
7.20240610
7.20240610
7.20240610
7.20240610.01.00
7.20240610.01.00
7.20240610.01.00
7.20240610.01.00
7.20240611
7.20240611
7.20240611
7.20240611
7.20240611.01.00
7.20240611.01.00
7.20240611.01.00
7.20240611.01.00
7.20240612
7.20240612
7.20240612
7.20240612
7.20240612.01.00
7.20240612.01.00
7.20240612.01.00
7.20240612.01.00
7.20240613
7.20240613
7.20240613
7.20240613
7.20240613.01.00
7.20240613.01.00
7.20240613.01.00
7.20240613.01.00
7.20240614
7.20240614
7.20240614
7.20240614
7.20240614.01.00
7.20240614.01.00
7.20240614.01.00
7.20240614.01.00
7.20240615
7.20240615
7.20240615
7.20240615
7.20240615.01.00
7.20240615.01.00
7.20240615.01.00
7.20240615.01.00
7.20240616
7.20240616
7.20240616
7.20240616
7.20240616.01.00
7.20240616.01.00
7.20240616.01.00
7.20240616.01.00
7.20240617
7.20240617
7.20240617
7.20240617
7.20240617.01.00
7.20240617.01.00
7.20240617.01.00
7.20240617.01.00
7.20240618
7.20240618
7.20240618
7.20240618
7.20240618.01.00
7.20240618.01.00
7.20240618.01.00
7.20240618.01.00
4.20230616
4.20230616
4.20230616
4.20230616
4
4
4
4
4.20220918
4.20220918
4.20220918
4.20220918
5.20220918
5.20220918
5.20220918
5.20220918
6.20220918
6.20220918
6.20220918
6.20220918
7.20220918
7.20220918
7.20220918
7.20220918
7.20230616
7.20230616
7.20230616
7.20230616